2025-03-20 10:09:02,426 - pyswarms.single.global_best - INFO - Optimization finished | best cost: 0.2672661244869232, best pos: [    -186.62      5.9199         1.3     0.99673]
2025-03-20 10:09:09,700 - pyswarms.single.global_best - INFO - Optimize for 150 iters with {'c1': 3, 'c2': 0.5, 'w': 0.9}
2025-03-20 10:09:11,827 - pyswarms.single.global_best - INFO - Optimization finished | best cost: 0.2576777935028076, best pos: [    -184.35     -5.5858         1.3      1.0656]
2025-03-20 10:09:18,007 - pyswarms.single.global_best - INFO - Optimize for 150 iters with {'c1': 3, 'c2': 0.5, 'w': 0.9}
2025-03-20 10:09:19,732 - pyswarms.single.global_best - INFO - Optimization finished | best cost: 0.27676528692245483, best pos: [    -181.07     -7.0576      1.2961      1.0571]
2025-03-20 10:09:25,550 - pyswarms.single.global_best - INFO - Optimize for 150 iters with {'c1': 3, 'c2': 0.5, 'w': 0.9}
2025-03-20 10:09:27,362 - pyswarms.single.global_best - INFO - Optimization finished | best cost: 0.2628343105316162, best pos: [    -183.99         -10         1.3      1.0318]
2025-03-20 10:09:33,729 - pyswarms.single.global_best - INFO - Optimize for 150 iters with {'c1': 3, 'c2': 0.5, 'w': 0.9}
2025-03-20 10:09:35,988 - pyswarms.single.global_best - INFO - Optimization finished | best cost: 0.2893877327442169, best pos: [    -172.49     -4.9304      1.2934      1.0326]
2025-03-20 10:09:42,393 - pyswarms.single.global_best - INFO - Optimize for 150 iters with {'c1': 3, 'c2': 0.5, 'w': 0.9}
2025-03-20 10:09:44,341 - pyswarms.single.global_best - INFO - Optimization finished | best cost: 0.3551945686340332, best pos: [    -172.89     -1.3663      1.2686      1.0263]
2025-03-20 10:09:50,211 - pyswarms.single.global_best - INFO - Optimize for 150 iters with {'c1': 3, 'c2': 0.5, 'w': 0.9}
2025-03-20 10:09:51,962 - pyswarms.single.global_best - INFO - Optimization finished | best cost: 0.42773810029029846, best pos: [    -184.57          10         1.3     0.99208]
2025-03-20 10:09:57,691 - pyswarms.single.global_best - INFO - Optimize for 150 iters with {'c1': 3, 'c2': 0.5, 'w': 0.9}
2025-03-20 10:09:59,448 - pyswarms.single.global_best - INFO - Optimization finished | best cost: 0.31229859590530396, best pos: [    -159.64     -6.8271      1.2864      1.0283]
2025-03-20 10:10:05,384 - pyswarms.single.global_best - INFO - Optimize for 150 iters with {'c1': 3, 'c2': 0.5, 'w': 0.9}
2025-03-20 10:10:07,178 - pyswarms.single.global_best - INFO - Optimization finished | best cost: 0.31924962997436523, best pos: [    -170.19     -5.9557      1.2947      1.0107]
2025-03-20 10:10:13,607 - pyswarms.single.global_best - INFO - Optimize for 150 iters with {'c1': 3, 'c2': 0.5, 'w': 0.9}
2025-03-20 10:10:15,323 - pyswarms.single.global_best - INFO - Optimization finished | best cost: 0.32791802287101746, best pos: [    -168.44      3.8696         1.3     0.97692]
2025-03-20 10:10:20,398 - pyswarms.single.global_best - INFO - Optimize for 150 iters with {'c1': 3, 'c2': 0.5, 'w': 0.9}
2025-03-20 10:10:22,135 - pyswarms.single.global_best - INFO - Optimization finished | best cost: 0.4649967551231384, best pos: [    -166.54     -7.9266      1.2938      1.0215]
2025-03-20 10:10:27,081 - pyswarms.single.global_best - INFO - Optimize for 150 iters with {'c1': 3, 'c2': 0.5, 'w': 0.9}
2025-03-20 10:10:28,866 - pyswarms.single.global_best - INFO - Optimization finished | best cost: 0.3263591229915619, best pos: [    -166.18     -7.1692      1.2894      1.0252]
2025-03-20 10:10:34,133 - pyswarms.single.global_best - INFO - Optimize for 150 iters with {'c1': 3, 'c2': 0.5, 'w': 0.9}
2025-03-20 10:10:35,931 - pyswarms.single.global_best - INFO - Optimization finished | best cost: 0.381405770778656, best pos: [    -159.08     -5.9944      1.2778      1.0106]
2025-03-20 10:10:40,935 - pyswarms.single.global_best - INFO - Optimize for 150 iters with {'c1': 3, 'c2': 0.5, 'w': 0.9}
2025-03-20 10:10:42,670 - pyswarms.single.global_best - INFO - Optimization finished | best cost: 0.34670576453208923, best pos: [    -175.07     -9.1488         1.3      1.0472]
2025-03-20 10:10:50,863 - pyswarms.single.global_best - INFO - Optimize for 150 iters with {'c1': 3, 'c2': 0.5, 'w': 0.9}
2025-03-20 10:10:52,723 - pyswarms.single.global_best - INFO - Optimization finished | best cost: 0.5509528517723083, best pos: [     17.044     0.25326      1.0455     0.85494]
2025-03-20 10:10:54,419 - pyswarms.single.global_best - INFO - Optimize for 150 iters with {'c1': 3, 'c2': 0.5, 'w': 0.9}
2025-03-20 10:10:56,425 - pyswarms.single.global_best - INFO - Optimization finished | best cost: 0.7561197280883789, best pos: [     53.596      2.3996     0.87569     0.82575]
2025-03-20 10:11:01,294 - pyswarms.single.global_best - INFO - Optimize for 150 iters with {'c1': 3, 'c2': 0.5, 'w': 0.9}
2025-03-20 10:11:03,028 - pyswarms.single.global_best - INFO - Optimization finished | best cost: 0.607448935508728, best pos: [     16.986     -9.0199      1.0308     0.90815]
2025-03-20 10:11:07,975 - pyswarms.single.global_best - INFO - Optimize for 150 iters with {'c1': 3, 'c2': 0.5, 'w': 0.9}
2025-03-20 10:11:09,750 - pyswarms.single.global_best - INFO - Optimization finished | best cost: 0.5043975114822388, best pos: [     19.382     -3.1597      1.0253     0.87147]
2025-03-20 10:11:14,749 - pyswarms.single.global_best - INFO - Optimize for 150 iters with {'c1': 3, 'c2': 0.5, 'w': 0.9}
2025-03-20 10:11:16,502 - pyswarms.single.global_best - INFO - Optimization finished | best cost: 0.4922240674495697, best pos: [     22.663      6.3491      1.0267     0.84421]
2025-03-20 10:11:21,300 - pyswarms.single.global_best - INFO - Optimize for 150 iters with {'c1': 3, 'c2': 0.5, 'w': 0.9}
2025-03-20 10:11:23,428 - pyswarms.single.global_best - INFO - Optimization finished | best cost: 0.3138502240180969, best pos: [     9.9457     -6.3077      1.0403     0.90254]
2025-03-20 10:11:28,318 - pyswarms.single.global_best - INFO - Optimize for 150 iters with {'c1': 3, 'c2': 0.5, 'w': 0.9}
2025-03-20 10:11:30,062 - pyswarms.single.global_best - INFO - Optimization finished | best cost: 0.3246403932571411, best pos: [     10.558      1.1335      1.0392     0.87269]
2025-03-20 10:11:34,698 - pyswarms.single.global_best - INFO - Optimize for 150 iters with {'c1': 3, 'c2': 0.5, 'w': 0.9}
2025-03-20 10:11:36,641 - pyswarms.single.global_best - INFO - Optimization finished | best cost: 0.4084973931312561, best pos: [      9.571     -3.6857      1.0406     0.86766]
2025-03-20 10:11:40,751 - pyswarms.single.global_best - INFO - Optimize for 150 iters with {'c1': 3, 'c2': 0.5, 'w': 0.9}
2025-03-20 10:11:42,619 - pyswarms.single.global_best - INFO - Optimization finished | best cost: 0.5541166663169861, best pos: [     15.536      5.0325      1.0249     0.83612]
2025-03-20 10:11:47,018 - pyswarms.single.global_best - INFO - Optimize for 150 iters with {'c1': 3, 'c2': 0.5, 'w': 0.9}
2025-03-20 10:11:48,715 - pyswarms.single.global_best - INFO - Optimization finished | best cost: 0.709557294845581, best pos: [     10.297    -0.19454       1.048     0.81979]
2025-03-20 10:11:52,920 - pyswarms.single.global_best - INFO - Optimize for 150 iters with {'c1': 3, 'c2': 0.5, 'w': 0.9}
2025-03-20 10:11:54,680 - pyswarms.single.global_best - INFO - Optimization finished | best cost: 0.5442754030227661, best pos: [     13.658     -6.6319      1.0301     0.85862]
2025-03-20 10:11:58,485 - pyswarms.single.global_best - INFO - Optimize for 150 iters with {'c1': 3, 'c2': 0.5, 'w': 0.9}
2025-03-20 10:12:00,265 - pyswarms.single.global_best - INFO - Optimization finished | best cost: 0.5131404399871826, best pos: [    -18.154     -7.2569      1.0872     0.83831]
2025-03-20 10:12:04,495 - pyswarms.single.global_best - INFO - Optimize for 150 iters with {'c1': 3, 'c2': 0.5, 'w': 0.9}
2025-03-20 10:12:06,260 - pyswarms.single.global_best - INFO - Optimization finished | best cost: 0.513276994228363, best pos: [     16.724     -1.5036      1.0226     0.81162]
2025-03-20 10:12:10,075 - pyswarms.single.global_best - INFO - Optimize for 150 iters with {'c1': 3, 'c2': 0.5, 'w': 0.9}
2025-03-20 10:12:11,826 - pyswarms.single.global_best - INFO - Optimization finished | best cost: 0.2966578006744385, best pos: [     14.717      -4.725      1.0301     0.84356]
2025-03-20 10:12:15,817 - pyswarms.single.global_best - INFO - Optimize for 150 iters with {'c1': 3, 'c2': 0.5, 'w': 0.9}
2025-03-20 10:12:17,638 - pyswarms.single.global_best - INFO - Optimization finished | best cost: 0.3109191656112671, best pos: [     17.067     -7.6769      1.0214     0.84014]
2025-03-20 10:12:21,863 - pyswarms.single.global_best - INFO - Optimize for 150 iters with {'c1': 3, 'c2': 0.5, 'w': 0.9}
2025-03-20 10:12:23,643 - pyswarms.single.global_best - INFO - Optimization finished | best cost: 0.2987936735153198, best pos: [     26.917     -7.0003      1.0037      0.8604]
2025-03-20 10:12:27,923 - pyswarms.single.global_best - INFO - Optimize for 150 iters with {'c1': 3, 'c2': 0.5, 'w': 0.9}
2025-03-20 10:12:29,766 - pyswarms.single.global_best - INFO - Optimization finished | best cost: 0.38491785526275635, best pos: [     15.723     -7.2568      1.0249     0.86104]
2025-03-20 10:12:34,404 - pyswarms.single.global_best - INFO - Optimize for 150 iters with {'c1': 3, 'c2': 0.5, 'w': 0.9}
2025-03-20 10:12:36,299 - pyswarms.single.global_best - INFO - Optimization finished | best cost: 0.42544135451316833, best pos: [     21.021     -9.1591      1.0123     0.84979]
2025-03-20 10:12:40,837 - pyswarms.single.global_best - INFO - Optimize for 150 iters with {'c1': 3, 'c2': 0.5, 'w': 0.9}
2025-03-20 10:12:42,597 - pyswarms.single.global_best - INFO - Optimization finished | best cost: 0.3982320725917816, best pos: [      23.66      1.2938       1.014     0.87122]
2025-03-20 10:12:47,055 - pyswarms.single.global_best - INFO - Optimize for 150 iters with {'c1': 3, 'c2': 0.5, 'w': 0.9}
2025-03-20 10:12:48,950 - pyswarms.single.global_best - INFO - Optimization finished | best cost: 0.34427061676979065, best pos: [     31.148     -7.1761     0.98596     0.87845]
2025-03-20 10:12:53,474 - pyswarms.single.global_best - INFO - Optimize for 150 iters with {'c1': 3, 'c2': 0.5, 'w': 0.9}
2025-03-20 10:12:55,201 - pyswarms.single.global_best - INFO - Optimization finished | best cost: 0.32976725697517395, best pos: [     18.446     -5.3506      1.0217     0.88091]
2025-03-20 10:12:59,913 - pyswarms.single.global_best - INFO - Optimize for 150 iters with {'c1': 3, 'c2': 0.5, 'w': 0.9}
2025-03-20 10:13:01,678 - pyswarms.single.global_best - INFO - Optimization finished | best cost: 0.3518001139163971, best pos: [     16.727     -9.4318      1.0212     0.89734]
2025-03-20 10:13:06,130 - pyswarms.single.global_best - INFO - Optimize for 150 iters with {'c1': 3, 'c2': 0.5, 'w': 0.9}
2025-03-20 10:13:07,914 - pyswarms.single.global_best - INFO - Optimization finished | best cost: 0.41573891043663025, best pos: [     24.257     -9.1192      1.0038     0.87183]
2025-03-20 10:13:12,655 - pyswarms.single.global_best - INFO - Optimize for 150 iters with {'c1': 3, 'c2': 0.5, 'w': 0.9}
2025-03-20 10:13:14,450 - pyswarms.single.global_best - INFO - Optimization finished | best cost: 0.3402629792690277, best pos: [     21.894     -3.1552      1.0086     0.86739]
2025-03-20 10:13:19,281 - pyswarms.single.global_best - INFO - Optimize for 150 iters with {'c1': 3, 'c2': 0.5, 'w': 0.9}
2025-03-20 10:13:21,091 - pyswarms.single.global_best - INFO - Optimization finished | best cost: 0.546217143535614, best pos: [     18.784     -2.9249      1.0158     0.87075]
2025-03-20 10:13:25,853 - pyswarms.single.global_best - INFO - Optimize for 150 iters with {'c1': 3, 'c2': 0.5, 'w': 0.9}
2025-03-20 10:13:27,662 - pyswarms.single.global_best - INFO - Optimization finished | best cost: 0.46230548620224, best pos: [     22.449      -5.928        1.01     0.86452]
2025-03-20 10:13:32,461 - pyswarms.single.global_best - INFO - Optimize for 150 iters with {'c1': 3, 'c2': 0.5, 'w': 0.9}
2025-03-20 10:13:34,270 - pyswarms.single.global_best - INFO - Optimization finished | best cost: 0.3058893382549286, best pos: [     19.236     -9.7692      1.0204     0.88971]
2025-03-20 10:13:46,844 - pyswarms.single.global_best - INFO - Optimize for 150 iters with {'c1': 3, 'c2': 0.5, 'w': 0.9}
2025-03-20 10:13:48,718 - pyswarms.single.global_best - INFO - Optimization finished | best cost: 0.3152018189430237, best pos: [     18.853     -7.8802      1.0206     0.86402]
2025-03-20 10:13:52,710 - pyswarms.single.global_best - INFO - Optimize for 150 iters with {'c1': 3, 'c2': 0.5, 'w': 0.9}
2025-03-20 10:13:54,486 - pyswarms.single.global_best - INFO - Optimization finished | best cost: 0.3345586061477661, best pos: [     28.536      -2.897     0.99746     0.77291]
2025-03-20 10:13:59,252 - pyswarms.single.global_best - INFO - Optimize for 150 iters with {'c1': 3, 'c2': 0.5, 'w': 0.9}
2025-03-20 10:14:00,980 - pyswarms.single.global_best - INFO - Optimization finished | best cost: 0.5726358890533447, best pos: [     13.999         -10      1.0262     0.92666]
2025-03-20 10:14:06,219 - pyswarms.single.global_best - INFO - Optimize for 150 iters with {'c1': 3, 'c2': 0.5, 'w': 0.9}
2025-03-20 10:14:08,075 - pyswarms.single.global_best - INFO - Optimization finished | best cost: 0.5959665179252625, best pos: [     4.6735      8.4756      1.1556     0.88606]
2025-03-20 10:14:12,782 - pyswarms.single.global_best - INFO - Optimize for 150 iters with {'c1': 3, 'c2': 0.5, 'w': 0.9}
2025-03-20 10:14:14,558 - pyswarms.single.global_best - INFO - Optimization finished | best cost: 0.4551791548728943, best pos: [      10.72     -8.0627      1.0437     0.84126]
2025-03-20 10:14:19,345 - pyswarms.single.global_best - INFO - Optimize for 150 iters with {'c1': 3, 'c2': 0.5, 'w': 0.9}
2025-03-20 10:14:21,191 - pyswarms.single.global_best - INFO - Optimization finished | best cost: 0.389863520860672, best pos: [     14.978     -5.0053      1.0188     0.82879]
2025-03-20 10:14:26,085 - pyswarms.single.global_best - INFO - Optimize for 150 iters with {'c1': 3, 'c2': 0.5, 'w': 0.9}
2025-03-20 10:14:27,885 - pyswarms.single.global_best - INFO - Optimization finished | best cost: 0.5217402577400208, best pos: [      26.55     -6.3451     0.99779     0.84311]
2025-03-20 10:14:32,725 - pyswarms.single.global_best - INFO - Optimize for 150 iters with {'c1': 3, 'c2': 0.5, 'w': 0.9}
2025-03-20 10:14:34,517 - pyswarms.single.global_best - INFO - Optimization finished | best cost: 0.5166596174240112, best pos: [      10.56     -7.5888      1.0288     0.80022]
2025-03-20 10:14:43,747 - pyswarms.single.global_best - INFO - Optimize for 150 iters with {'c1': 3, 'c2': 0.5, 'w': 0.9}
2025-03-20 10:14:45,561 - pyswarms.single.global_best - INFO - Optimization finished | best cost: 0.38137587904930115, best pos: [     18.389      4.0458      1.0292     0.81506]
2025-03-20 10:14:50,103 - pyswarms.single.global_best - INFO - Optimize for 150 iters with {'c1': 3, 'c2': 0.5, 'w': 0.9}
2025-03-20 10:14:51,839 - pyswarms.single.global_best - INFO - Optimization finished | best cost: 0.27927166223526, best pos: [     12.191     -3.4894      1.0538     0.86149]
2025-03-20 10:14:54,640 - pyswarms.single.global_best - INFO - Optimize for 150 iters with {'c1': 3, 'c2': 0.5, 'w': 0.9}
2025-03-20 10:14:56,422 - pyswarms.single.global_best - INFO - Optimization finished | best cost: 0.21353918313980103, best pos: [     17.994     -6.3325      1.0225     0.85349]
2025-03-20 10:15:18,068 - pyswarms.single.global_best - INFO - Optimize for 150 iters with {'c1': 3, 'c2': 0.5, 'w': 0.9}
2025-03-20 10:15:19,843 - pyswarms.single.global_best - INFO - Optimization finished | best cost: 0.277679443359375, best pos: [     22.983     -6.2342       1.006     0.84077]
2025-03-20 10:15:24,539 - pyswarms.single.global_best - INFO - Optimize for 150 iters with {'c1': 3, 'c2': 0.5, 'w': 0.9}
2025-03-20 10:15:26,346 - pyswarms.single.global_best - INFO - Optimization finished | best cost: 0.3653658330440521, best pos: [     16.462     -8.7532      1.0393     0.85216]
2025-03-20 10:15:31,027 - pyswarms.single.global_best - INFO - Optimize for 150 iters with {'c1': 3, 'c2': 0.5, 'w': 0.9}
2025-03-20 10:15:32,794 - pyswarms.single.global_best - INFO - Optimization finished | best cost: 0.5169232487678528, best pos: [     18.278     -5.4251       1.019     0.86494]
2025-03-20 10:15:37,015 - pyswarms.single.global_best - INFO - Optimize for 150 iters with {'c1': 3, 'c2': 0.5, 'w': 0.9}
2025-03-20 10:15:38,791 - pyswarms.single.global_best - INFO - Optimization finished | best cost: 0.5717565417289734, best pos: [     25.246     -5.6657     0.99937     0.82119]
2025-03-20 10:15:43,517 - pyswarms.single.global_best - INFO - Optimize for 150 iters with {'c1': 3, 'c2': 0.5, 'w': 0.9}
2025-03-20 10:15:45,385 - pyswarms.single.global_best - INFO - Optimization finished | best cost: 0.5731555223464966, best pos: [     18.799     -8.8332      1.0114     0.84392]
2025-03-20 10:15:50,445 - pyswarms.single.global_best - INFO - Optimize for 150 iters with {'c1': 3, 'c2': 0.5, 'w': 0.9}
2025-03-20 10:15:52,225 - pyswarms.single.global_best - INFO - Optimization finished | best cost: 0.46146804094314575, best pos: [     20.933     -7.0344      1.0078     0.83422]
2025-03-20 10:15:57,382 - pyswarms.single.global_best - INFO - Optimize for 150 iters with {'c1': 3, 'c2': 0.5, 'w': 0.9}
2025-03-20 10:15:59,306 - pyswarms.single.global_best - INFO - Optimization finished | best cost: 0.5631279349327087, best pos: [     25.852     -1.7825     0.98653     0.79466]
2025-03-20 10:16:14,134 - pyswarms.single.global_best - INFO - Optimize for 150 iters with {'c1': 3, 'c2': 0.5, 'w': 0.9}
2025-03-20 10:16:19,222 - pyswarms.single.global_best - INFO - Optimization finished | best cost: 0.5051067471504211, best pos: [     25.947     -3.8506     0.99178     0.80465]
2025-03-20 10:16:37,867 - pyswarms.single.global_best - INFO - Optimize for 150 iters with {'c1': 3, 'c2': 0.5, 'w': 0.9}
2025-03-20 10:16:41,122 - pyswarms.single.global_best - INFO - Optimization finished | best cost: 0.5098459720611572, best pos: [     15.968     -9.4372       1.019     0.81363]
2025-03-20 10:16:58,727 - pyswarms.single.global_best - INFO - Optimize for 150 iters with {'c1': 3, 'c2': 0.5, 'w': 0.9}
2025-03-20 10:17:02,809 - pyswarms.single.global_best - INFO - Optimization finished | best cost: 0.6533546447753906, best pos: [     24.575     -3.5157     0.99756      0.8177]
2025-03-20 10:17:20,198 - pyswarms.single.global_best - INFO - Optimize for 150 iters with {'c1': 3, 'c2': 0.5, 'w': 0.9}
2025-03-20 10:17:24,598 - pyswarms.single.global_best - INFO - Optimization finished | best cost: 0.4458696246147156, best pos: [     22.715     -8.9528      1.0125      0.8832]
2025-03-20 10:17:42,230 - pyswarms.single.global_best - INFO - Optimize for 150 iters with {'c1': 3, 'c2': 0.5, 'w': 0.9}
2025-03-20 10:17:45,901 - pyswarms.single.global_best - INFO - Optimization finished | best cost: 0.4899061620235443, best pos: [     13.958     -4.9354      1.0329     0.87403]
2025-03-20 10:18:02,576 - pyswarms.single.global_best - INFO - Optimize for 150 iters with {'c1': 3, 'c2': 0.5, 'w': 0.9}
2025-03-20 10:18:05,810 - pyswarms.single.global_best - INFO - Optimization finished | best cost: 0.3174126148223877, best pos: [     17.838     -1.9751      1.0223      0.8719]
2025-03-20 10:18:22,738 - pyswarms.single.global_best - INFO - Optimize for 150 iters with {'c1': 3, 'c2': 0.5, 'w': 0.9}
2025-03-20 10:18:26,052 - pyswarms.single.global_best - INFO - Optimization finished | best cost: 0.36757102608680725, best pos: [     21.693      -5.995      1.0159     0.85524]
2025-03-20 10:18:42,376 - pyswarms.single.global_best - INFO - Optimize for 150 iters with {'c1': 3, 'c2': 0.5, 'w': 0.9}
2025-03-20 10:18:46,555 - pyswarms.single.global_best - INFO - Optimization finished | best cost: 0.35206109285354614, best pos: [     23.099     -8.0869      1.0124     0.87535]
2025-03-20 10:19:02,870 - pyswarms.single.global_best - INFO - Optimize for 150 iters with {'c1': 3, 'c2': 0.5, 'w': 0.9}
2025-03-20 10:19:06,842 - pyswarms.single.global_best - INFO - Optimization finished | best cost: 0.24467353522777557, best pos: [     17.043     -1.8765       1.025     0.85255]
2025-03-20 10:19:22,218 - pyswarms.single.global_best - INFO - Optimize for 150 iters with {'c1': 3, 'c2': 0.5, 'w': 0.9}
2025-03-20 10:19:25,491 - pyswarms.single.global_best - INFO - Optimization finished | best cost: 0.28508251905441284, best pos: [    -165.67      -7.512      1.2914      1.0092]
2025-03-20 10:19:40,852 - pyswarms.single.global_best - INFO - Optimize for 150 iters with {'c1': 3, 'c2': 0.5, 'w': 0.9}
2025-03-20 10:19:46,281 - pyswarms.single.global_best - INFO - Optimization finished | best cost: 0.3478657305240631, best pos: [    -169.65         -10         1.3      1.0393]
2025-03-20 10:20:06,404 - pyswarms.single.global_best - INFO - Optimize for 150 iters with {'c1': 3, 'c2': 0.5, 'w': 0.9}
2025-03-20 10:20:10,126 - pyswarms.single.global_best - INFO - Optimization finished | best cost: 0.16966533660888672, best pos: [    -162.35      6.8652      1.2957     0.99119]
2025-03-20 10:20:29,063 - pyswarms.single.global_best - INFO - Optimize for 150 iters with {'c1': 3, 'c2': 0.5, 'w': 0.9}
2025-03-20 10:20:33,970 - pyswarms.single.global_best - INFO - Optimization finished | best cost: 0.3803488612174988, best pos: [    -165.05      4.0257      1.2971      1.0112]
2025-03-20 10:20:47,387 - pyswarms.single.global_best - INFO - Optimize for 150 iters with {'c1': 3, 'c2': 0.5, 'w': 0.9}
2025-03-20 10:20:49,235 - pyswarms.single.global_best - INFO - Optimization finished | best cost: 0.2596472501754761, best pos: [    -170.79     -5.1079      1.2938      1.0307]
2025-03-20 10:20:54,776 - pyswarms.single.global_best - INFO - Optimize for 150 iters with {'c1': 3, 'c2': 0.5, 'w': 0.9}
2025-03-20 10:20:56,619 - pyswarms.single.global_best - INFO - Optimization finished | best cost: 0.3342084586620331, best pos: [       -174      -9.156      1.2986      1.0348]
2025-03-20 10:21:01,964 - pyswarms.single.global_best - INFO - Optimize for 150 iters with {'c1': 3, 'c2': 0.5, 'w': 0.9}
2025-03-20 10:21:03,831 - pyswarms.single.global_best - INFO - Optimization finished | best cost: 0.3428749144077301, best pos: [    -179.93     -6.4038      1.2978      1.0245]
2025-03-20 10:21:09,318 - pyswarms.single.global_best - INFO - Optimize for 150 iters with {'c1': 3, 'c2': 0.5, 'w': 0.9}
2025-03-20 10:21:11,166 - pyswarms.single.global_best - INFO - Optimization finished | best cost: 0.3321450650691986, best pos: [    -176.21     -6.9686         1.3      1.0381]
2025-03-20 10:21:16,884 - pyswarms.single.global_best - INFO - Optimize for 150 iters with {'c1': 3, 'c2': 0.5, 'w': 0.9}
2025-03-20 10:21:18,776 - pyswarms.single.global_best - INFO - Optimization finished | best cost: 0.1999611258506775, best pos: [    -167.64     -5.6681      1.2895      1.0207]
2025-03-20 10:21:24,065 - pyswarms.single.global_best - INFO - Optimize for 150 iters with {'c1': 3, 'c2': 0.5, 'w': 0.9}
2025-03-20 10:21:25,918 - pyswarms.single.global_best - INFO - Optimization finished | best cost: 0.4053010642528534, best pos: [    -167.27     -3.7786      1.2958      1.0401]
2025-03-20 10:21:31,993 - pyswarms.single.global_best - INFO - Optimize for 150 iters with {'c1': 3, 'c2': 0.5, 'w': 0.9}
2025-03-20 10:21:33,861 - pyswarms.single.global_best - INFO - Optimization finished | best cost: 0.3166564404964447, best pos: [    -158.83      2.8943      1.2861      1.0035]
2025-03-20 10:21:39,563 - pyswarms.single.global_best - INFO - Optimize for 150 iters with {'c1': 3, 'c2': 0.5, 'w': 0.9}
2025-03-20 10:21:41,368 - pyswarms.single.global_best - INFO - Optimization finished | best cost: 0.28535759449005127, best pos: [    -156.15      1.5998      1.2809       1.002]
2025-03-20 10:21:47,023 - pyswarms.single.global_best - INFO - Optimize for 150 iters with {'c1': 3, 'c2': 0.5, 'w': 0.9}
2025-03-20 10:21:48,787 - pyswarms.single.global_best - INFO - Optimization finished | best cost: 0.3873385190963745, best pos: [    -162.92     0.33237      1.2889     0.99578]
2025-03-20 10:21:53,884 - pyswarms.single.global_best - INFO - Optimize for 150 iters with {'c1': 3, 'c2': 0.5, 'w': 0.9}
2025-03-20 10:21:55,733 - pyswarms.single.global_best - INFO - Optimization finished | best cost: 0.32805031538009644, best pos: [    -158.85      6.8781         1.3      1.0106]
2025-03-20 10:22:00,658 - pyswarms.single.global_best - INFO - Optimize for 150 iters with {'c1': 3, 'c2': 0.5, 'w': 0.9}
2025-03-20 10:22:02,581 - pyswarms.single.global_best - INFO - Optimization finished | best cost: 0.1792999505996704, best pos: [     -169.1      8.4949      1.2973     0.99672]
2025-03-20 10:22:08,344 - pyswarms.single.global_best - INFO - Optimize for 150 iters with {'c1': 3, 'c2': 0.5, 'w': 0.9}
2025-03-20 10:22:10,154 - pyswarms.single.global_best - INFO - Optimization finished | best cost: 0.26767101883888245, best pos: [     -167.2          10      1.2853     0.99099]
2025-03-20 10:22:15,067 - pyswarms.single.global_best - INFO - Optimize for 150 iters with {'c1': 3, 'c2': 0.5, 'w': 0.9}
2025-03-20 10:22:16,892 - pyswarms.single.global_best - INFO - Optimization finished | best cost: 0.31030210852622986, best pos: [    -160.09     -3.5228         1.3      1.0125]
2025-03-20 10:22:21,865 - pyswarms.single.global_best - INFO - Optimize for 150 iters with {'c1': 3, 'c2': 0.5, 'w': 0.9}
2025-03-20 10:22:23,672 - pyswarms.single.global_best - INFO - Optimization finished | best cost: 0.35555484890937805, best pos: [    -177.59      5.9014      1.2954      1.0139]
2025-03-20 10:22:28,610 - pyswarms.single.global_best - INFO - Optimize for 150 iters with {'c1': 3, 'c2': 0.5, 'w': 0.9}
2025-03-20 10:22:30,398 - pyswarms.single.global_best - INFO - Optimization finished | best cost: 0.22087065875530243, best pos: [    -170.17          10         1.3     0.98971]
2025-03-20 10:22:35,512 - pyswarms.single.global_best - INFO - Optimize for 150 iters with {'c1': 3, 'c2': 0.5, 'w': 0.9}
2025-03-20 10:22:37,294 - pyswarms.single.global_best - INFO - Optimization finished | best cost: 0.24761758744716644, best pos: [    -170.34          10         1.3     0.97952]
2025-03-20 10:22:42,321 - pyswarms.single.global_best - INFO - Optimize for 150 iters with {'c1': 3, 'c2': 0.5, 'w': 0.9}
2025-03-20 10:22:44,109 - pyswarms.single.global_best - INFO - Optimization finished | best cost: 0.3681113123893738, best pos: [    -165.12          10         1.3     0.96451]
2025-03-20 10:22:49,196 - pyswarms.single.global_best - INFO - Optimize for 150 iters with {'c1': 3, 'c2': 0.5, 'w': 0.9}
2025-03-20 10:22:50,990 - pyswarms.single.global_best - INFO - Optimization finished | best cost: 0.3105885684490204, best pos: [    -165.59      6.5662      1.2679     0.98812]
2025-03-20 10:22:55,595 - pyswarms.single.global_best - INFO - Optimize for 150 iters with {'c1': 3, 'c2': 0.5, 'w': 0.9}
2025-03-20 10:22:57,498 - pyswarms.single.global_best - INFO - Optimization finished | best cost: 0.25898832082748413, best pos: [    -167.84      9.8691      1.2789     0.98301]
2025-03-20 10:23:03,759 - pyswarms.single.global_best - INFO - Optimize for 150 iters with {'c1': 3, 'c2': 0.5, 'w': 0.9}
2025-03-20 10:23:05,552 - pyswarms.single.global_best - INFO - Optimization finished | best cost: 0.22929026186466217, best pos: [     -181.6      1.4172      1.2881      1.0153]
2025-03-20 10:23:15,843 - pyswarms.single.global_best - INFO - Optimize for 150 iters with {'c1': 3, 'c2': 0.5, 'w': 0.9}
2025-03-20 10:23:17,609 - pyswarms.single.global_best - INFO - Optimization finished | best cost: 0.5839684009552002, best pos: [      23.89     -3.7677      1.0103     0.85851]
2025-03-20 10:23:20,827 - pyswarms.single.global_best - INFO - Optimize for 150 iters with {'c1': 3, 'c2': 0.5, 'w': 0.9}
2025-03-20 10:23:22,582 - pyswarms.single.global_best - INFO - Optimization finished | best cost: 0.5301573276519775, best pos: [     17.466     -4.2173      1.0408     0.84612]
2025-03-20 10:23:26,830 - pyswarms.single.global_best - INFO - Optimize for 150 iters with {'c1': 3, 'c2': 0.5, 'w': 0.9}
2025-03-20 10:23:28,644 - pyswarms.single.global_best - INFO - Optimization finished | best cost: 0.5928794145584106, best pos: [     17.788     -9.8337      1.0315     0.77686]
2025-03-20 10:23:32,727 - pyswarms.single.global_best - INFO - Optimize for 150 iters with {'c1': 3, 'c2': 0.5, 'w': 0.9}
2025-03-20 10:23:34,526 - pyswarms.single.global_best - INFO - Optimization finished | best cost: 0.5807299017906189, best pos: [     20.543     -9.5855      1.0148     0.86723]
2025-03-20 10:23:41,888 - pyswarms.single.global_best - INFO - Optimize for 150 iters with {'c1': 3, 'c2': 0.5, 'w': 0.9}
2025-03-20 10:23:43,637 - pyswarms.single.global_best - INFO - Optimization finished | best cost: 0.5612596273422241, best pos: [     32.718      -4.627     0.99124      0.8682]
2025-03-20 10:23:52,219 - pyswarms.single.global_best - INFO - Optimize for 150 iters with {'c1': 3, 'c2': 0.5, 'w': 0.9}
2025-03-20 10:23:53,932 - pyswarms.single.global_best - INFO - Optimization finished | best cost: 0.5405599474906921, best pos: [     11.845     -9.2006      1.0464     0.78903]
2025-03-20 10:23:58,186 - pyswarms.single.global_best - INFO - Optimize for 150 iters with {'c1': 3, 'c2': 0.5, 'w': 0.9}
2025-03-20 10:24:00,011 - pyswarms.single.global_best - INFO - Optimization finished | best cost: 0.606192409992218, best pos: [      16.49     -4.5488     0.99788     0.76579]
2025-03-20 10:24:07,351 - pyswarms.single.global_best - INFO - Optimize for 150 iters with {'c1': 3, 'c2': 0.5, 'w': 0.9}
2025-03-20 10:24:09,124 - pyswarms.single.global_best - INFO - Optimization finished | best cost: 0.3483208417892456, best pos: [     20.898     -1.0596      1.0142     0.78333]
2025-03-20 10:24:15,984 - pyswarms.single.global_best - INFO - Optimize for 150 iters with {'c1': 3, 'c2': 0.5, 'w': 0.9}
2025-03-20 10:24:17,786 - pyswarms.single.global_best - INFO - Optimization finished | best cost: 0.38934049010276794, best pos: [     22.585     -8.4891      1.0257     0.78962]
2025-03-20 10:24:38,577 - pyswarms.single.global_best - INFO - Optimize for 150 iters with {'c1': 3, 'c2': 0.5, 'w': 0.9}
2025-03-20 10:24:40,335 - pyswarms.single.global_best - INFO - Optimization finished | best cost: 0.1300046592950821, best pos: [    -175.56       -7.57      1.2606      1.0304]
2025-03-20 10:24:43,006 - pyswarms.single.global_best - INFO - Optimize for 150 iters with {'c1': 3, 'c2': 0.5, 'w': 0.9}
2025-03-20 10:24:44,787 - pyswarms.single.global_best - INFO - Optimization finished | best cost: 0.18990425765514374, best pos: [    -180.36      1.5528      1.2924      1.0061]
2025-03-20 10:24:49,957 - pyswarms.single.global_best - INFO - Optimize for 150 iters with {'c1': 3, 'c2': 0.5, 'w': 0.9}
2025-03-20 10:24:51,695 - pyswarms.single.global_best - INFO - Optimization finished | best cost: 0.4554819166660309, best pos: [    -180.41     -5.5986      1.2848      1.0366]
2025-03-20 10:24:55,964 - pyswarms.single.global_best - INFO - Optimize for 150 iters with {'c1': 3, 'c2': 0.5, 'w': 0.9}
2025-03-20 10:24:57,687 - pyswarms.single.global_best - INFO - Optimization finished | best cost: 0.44648146629333496, best pos: [    -178.25     -3.8628      1.2975      1.0359]
2025-03-20 10:25:02,496 - pyswarms.single.global_best - INFO - Optimize for 150 iters with {'c1': 3, 'c2': 0.5, 'w': 0.9}
2025-03-20 10:25:04,428 - pyswarms.single.global_best - INFO - Optimization finished | best cost: 0.4704190790653229, best pos: [    -179.29     -7.9986         1.3       1.033]
2025-03-20 10:25:09,300 - pyswarms.single.global_best - INFO - Optimize for 150 iters with {'c1': 3, 'c2': 0.5, 'w': 0.9}
2025-03-20 10:25:11,111 - pyswarms.single.global_best - INFO - Optimization finished | best cost: 0.2743290066719055, best pos: [     -180.4     -7.3588      1.2966      1.0475]
2025-03-20 10:25:16,105 - pyswarms.single.global_best - INFO - Optimize for 150 iters with {'c1': 3, 'c2': 0.5, 'w': 0.9}
2025-03-20 10:25:17,794 - pyswarms.single.global_best - INFO - Optimization finished | best cost: 0.13373088836669922, best pos: [     -170.7     -4.4889      1.2732      1.0286]
2025-03-20 10:25:22,272 - pyswarms.single.global_best - INFO - Optimize for 150 iters with {'c1': 3, 'c2': 0.5, 'w': 0.9}
2025-03-20 10:25:24,076 - pyswarms.single.global_best - INFO - Optimization finished | best cost: 0.193603515625, best pos: [     -157.7    -0.58692      1.2161      1.0102]
2025-03-20 10:25:28,651 - pyswarms.single.global_best - INFO - Optimize for 150 iters with {'c1': 3, 'c2': 0.5, 'w': 0.9}
2025-03-20 10:25:30,485 - pyswarms.single.global_best - INFO - Optimization finished | best cost: 0.24526311457157135, best pos: [    -176.53     -6.9167         1.3       1.038]
2025-03-20 10:25:34,893 - pyswarms.single.global_best - INFO - Optimize for 150 iters with {'c1': 3, 'c2': 0.5, 'w': 0.9}
2025-03-20 10:25:36,708 - pyswarms.single.global_best - INFO - Optimization finished | best cost: 0.29495638608932495, best pos: [    -175.02     -1.0486      1.2883      1.0189]
2025-03-20 10:25:41,100 - pyswarms.single.global_best - INFO - Optimize for 150 iters with {'c1': 3, 'c2': 0.5, 'w': 0.9}
2025-03-20 10:25:42,912 - pyswarms.single.global_best - INFO - Optimization finished | best cost: 0.4542306363582611, best pos: [    -171.71      2.8904       1.257       1.016]
2025-03-20 10:25:47,512 - pyswarms.single.global_best - INFO - Optimize for 150 iters with {'c1': 3, 'c2': 0.5, 'w': 0.9}
2025-03-20 10:25:49,246 - pyswarms.single.global_best - INFO - Optimization finished | best cost: 0.32547980546951294, best pos: [    -175.87         -10      1.2957      1.0543]
2025-03-20 10:25:53,887 - pyswarms.single.global_best - INFO - Optimize for 150 iters with {'c1': 3, 'c2': 0.5, 'w': 0.9}
2025-03-20 10:25:55,687 - pyswarms.single.global_best - INFO - Optimization finished | best cost: 0.46126675605773926, best pos: [    -152.87     -2.5499      1.1988      1.0189]
2025-03-20 10:26:00,379 - pyswarms.single.global_best - INFO - Optimize for 150 iters with {'c1': 3, 'c2': 0.5, 'w': 0.9}
2025-03-20 10:26:02,008 - pyswarms.single.global_best - INFO - Optimization finished | best cost: 0.33320072293281555, best pos: [    -172.63     -6.0181       1.273      1.0431]
2025-03-20 10:26:06,567 - pyswarms.single.global_best - INFO - Optimize for 150 iters with {'c1': 3, 'c2': 0.5, 'w': 0.9}
2025-03-20 10:26:08,313 - pyswarms.single.global_best - INFO - Optimization finished | best cost: 0.2334551364183426, best pos: [    -172.78       4.622      1.2678      1.0019]
2025-03-20 10:26:12,938 - pyswarms.single.global_best - INFO - Optimize for 150 iters with {'c1': 3, 'c2': 0.5, 'w': 0.9}
2025-03-20 10:26:14,684 - pyswarms.single.global_best - INFO - Optimization finished | best cost: 0.2870401442050934, best pos: [    -172.69      4.6192       1.286     0.99611]
2025-03-20 10:26:18,789 - pyswarms.single.global_best - INFO - Optimize for 150 iters with {'c1': 3, 'c2': 0.5, 'w': 0.9}
2025-03-20 10:26:20,532 - pyswarms.single.global_best - INFO - Optimization finished | best cost: 0.4642031788825989, best pos: [    -157.53      9.2124      1.2182     0.98945]
2025-03-20 10:26:24,243 - pyswarms.single.global_best - INFO - Optimize for 150 iters with {'c1': 3, 'c2': 0.5, 'w': 0.9}
2025-03-20 10:26:26,024 - pyswarms.single.global_best - INFO - Optimization finished | best cost: 0.20850779116153717, best pos: [    -169.08      2.7987      1.2448      1.0094]
2025-03-20 10:26:29,874 - pyswarms.single.global_best - INFO - Optimize for 150 iters with {'c1': 3, 'c2': 0.5, 'w': 0.9}
2025-03-20 10:26:31,633 - pyswarms.single.global_best - INFO - Optimization finished | best cost: 0.38329780101776123, best pos: [    -172.14   -0.015026      1.2668      1.0135]
2025-03-20 10:26:35,895 - pyswarms.single.global_best - INFO - Optimize for 150 iters with {'c1': 3, 'c2': 0.5, 'w': 0.9}
2025-03-20 10:26:37,650 - pyswarms.single.global_best - INFO - Optimization finished | best cost: 0.3964979648590088, best pos: [    -176.98         -10      1.2791       1.052]
2025-03-20 10:26:41,759 - pyswarms.single.global_best - INFO - Optimize for 150 iters with {'c1': 3, 'c2': 0.5, 'w': 0.9}
2025-03-20 10:26:43,546 - pyswarms.single.global_best - INFO - Optimization finished | best cost: 0.39850932359695435, best pos: [     -177.6         -10         1.3      1.0537]
2025-03-20 10:26:47,692 - pyswarms.single.global_best - INFO - Optimize for 150 iters with {'c1': 3, 'c2': 0.5, 'w': 0.9}
2025-03-20 10:26:49,467 - pyswarms.single.global_best - INFO - Optimization finished | best cost: 0.09474366903305054, best pos: [    -173.11          10      1.2818     0.99608]
2025-03-20 10:26:53,733 - pyswarms.single.global_best - INFO - Optimize for 150 iters with {'c1': 3, 'c2': 0.5, 'w': 0.9}
2025-03-20 10:26:55,496 - pyswarms.single.global_best - INFO - Optimization finished | best cost: 0.17051152884960175, best pos: [    -146.54      1.2147      1.1747      1.0108]
2025-03-20 10:26:59,773 - pyswarms.single.global_best - INFO - Optimize for 150 iters with {'c1': 3, 'c2': 0.5, 'w': 0.9}
2025-03-20 10:27:01,564 - pyswarms.single.global_best - INFO - Optimization finished | best cost: 0.38671624660491943, best pos: [     -170.2     0.97229      1.2654      1.0142]
2025-03-20 10:27:06,290 - pyswarms.single.global_best - INFO - Optimize for 150 iters with {'c1': 3, 'c2': 0.5, 'w': 0.9}
2025-03-20 10:27:08,044 - pyswarms.single.global_best - INFO - Optimization finished | best cost: 0.11892815679311752, best pos: [    -165.23     0.50119      1.2306       1.016]
2025-03-20 10:27:12,917 - pyswarms.single.global_best - INFO - Optimize for 150 iters with {'c1': 3, 'c2': 0.5, 'w': 0.9}
2025-03-20 10:27:14,662 - pyswarms.single.global_best - INFO - Optimization finished | best cost: 0.330768883228302, best pos: [    -181.32      3.0412         1.3      1.0219]
2025-03-20 10:27:20,125 - pyswarms.single.global_best - INFO - Optimize for 150 iters with {'c1': 3, 'c2': 0.5, 'w': 0.9}
2025-03-20 10:27:21,914 - pyswarms.single.global_best - INFO - Optimization finished | best cost: 0.15400046110153198, best pos: [     -182.5      5.9159         1.3      1.0137]
2025-03-20 10:27:26,662 - pyswarms.single.global_best - INFO - Optimize for 150 iters with {'c1': 3, 'c2': 0.5, 'w': 0.9}
2025-03-20 10:27:28,458 - pyswarms.single.global_best - INFO - Optimization finished | best cost: 0.22859692573547363, best pos: [    -168.83      4.2678      1.2723      1.0103]
2025-03-20 10:27:33,384 - pyswarms.single.global_best - INFO - Optimize for 150 iters with {'c1': 3, 'c2': 0.5, 'w': 0.9}
2025-03-20 10:27:35,214 - pyswarms.single.global_best - INFO - Optimization finished | best cost: 0.4560762047767639, best pos: [    -173.87      7.8173      1.2679     0.99118]
2025-03-20 10:27:39,943 - pyswarms.single.global_best - INFO - Optimize for 150 iters with {'c1': 3, 'c2': 0.5, 'w': 0.9}
2025-03-20 10:27:41,694 - pyswarms.single.global_best - INFO - Optimization finished | best cost: 0.3214443325996399, best pos: [    -180.89          10         1.3      0.9922]
2025-03-20 10:27:47,009 - pyswarms.single.global_best - INFO - Optimize for 150 iters with {'c1': 3, 'c2': 0.5, 'w': 0.9}
2025-03-20 10:27:48,806 - pyswarms.single.global_best - INFO - Optimization finished | best cost: 0.2555762529373169, best pos: [    -174.91     -2.7975      1.2967      1.0219]
2025-03-20 10:27:53,406 - pyswarms.single.global_best - INFO - Optimize for 150 iters with {'c1': 3, 'c2': 0.5, 'w': 0.9}
2025-03-20 10:27:55,182 - pyswarms.single.global_best - INFO - Optimization finished | best cost: 0.20439109206199646, best pos: [    -173.67     -8.2519      1.2999      1.0445]
2025-03-20 10:27:59,564 - pyswarms.single.global_best - INFO - Optimize for 150 iters with {'c1': 3, 'c2': 0.5, 'w': 0.9}
2025-03-20 10:28:01,335 - pyswarms.single.global_best - INFO - Optimization finished | best cost: 0.17821981012821198, best pos: [    -179.08      3.0671         1.3     0.98994]
2025-03-20 10:28:05,811 - pyswarms.single.global_best - INFO - Optimize for 150 iters with {'c1': 3, 'c2': 0.5, 'w': 0.9}
2025-03-20 10:28:07,601 - pyswarms.single.global_best - INFO - Optimization finished | best cost: 0.204407200217247, best pos: [    -180.61     -5.9215      1.2966       1.028]
2025-03-20 10:28:12,206 - pyswarms.single.global_best - INFO - Optimize for 150 iters with {'c1': 3, 'c2': 0.5, 'w': 0.9}
2025-03-20 10:28:13,944 - pyswarms.single.global_best - INFO - Optimization finished | best cost: 0.3832518756389618, best pos: [    -172.33      5.6718      1.2679     0.99542]
2025-03-20 10:28:18,748 - pyswarms.single.global_best - INFO - Optimize for 150 iters with {'c1': 3, 'c2': 0.5, 'w': 0.9}
2025-03-20 10:28:20,447 - pyswarms.single.global_best - INFO - Optimization finished | best cost: 0.2581409513950348, best pos: [    -177.21      9.0223      1.2911     0.97659]
2025-03-20 10:28:24,697 - pyswarms.single.global_best - INFO - Optimize for 150 iters with {'c1': 3, 'c2': 0.5, 'w': 0.9}
2025-03-20 10:28:26,431 - pyswarms.single.global_best - INFO - Optimization finished | best cost: 0.30771976709365845, best pos: [    -181.59      -2.573       1.291      1.0186]
2025-03-20 10:28:29,903 - pyswarms.single.global_best - INFO - Optimize for 150 iters with {'c1': 3, 'c2': 0.5, 'w': 0.9}
2025-03-20 10:28:31,624 - pyswarms.single.global_best - INFO - Optimization finished | best cost: 0.11111736297607422, best pos: [    -183.62      -2.404      1.2924      1.0084]
2025-03-20 10:28:35,167 - pyswarms.single.global_best - INFO - Optimize for 150 iters with {'c1': 3, 'c2': 0.5, 'w': 0.9}
2025-03-20 10:28:36,917 - pyswarms.single.global_best - INFO - Optimization finished | best cost: 0.28737953305244446, best pos: [    -168.68     -2.0094      1.2677      1.0201]
2025-03-20 10:28:41,272 - pyswarms.single.global_best - INFO - Optimize for 150 iters with {'c1': 3, 'c2': 0.5, 'w': 0.9}
2025-03-20 10:28:43,015 - pyswarms.single.global_best - INFO - Optimization finished | best cost: 0.21436180174350739, best pos: [    -174.83      1.4038      1.2802       1.015]
2025-03-20 10:29:00,895 - pyswarms.single.global_best - INFO - Optimize for 150 iters with {'c1': 3, 'c2': 0.5, 'w': 0.9}
2025-03-20 10:29:02,628 - pyswarms.single.global_best - INFO - Optimization finished | best cost: 0.5698328018188477, best pos: [       -166     -8.4096      1.2985      1.0517]
2025-03-20 10:29:14,707 - pyswarms.single.global_best - INFO - Optimize for 150 iters with {'c1': 3, 'c2': 0.5, 'w': 0.9}
2025-03-20 10:29:16,526 - pyswarms.single.global_best - INFO - Optimization finished | best cost: 0.17625854909420013, best pos: [    -178.17      -5.526      1.2866      1.0445]
2025-03-20 10:29:21,459 - pyswarms.single.global_best - INFO - Optimize for 150 iters with {'c1': 3, 'c2': 0.5, 'w': 0.9}
2025-03-20 10:29:23,189 - pyswarms.single.global_best - INFO - Optimization finished | best cost: 0.18714539706707, best pos: [    -177.58     -7.8287      1.2919      1.0379]
2025-03-20 10:29:28,286 - pyswarms.single.global_best - INFO - Optimize for 150 iters with {'c1': 3, 'c2': 0.5, 'w': 0.9}
2025-03-20 10:29:30,054 - pyswarms.single.global_best - INFO - Optimization finished | best cost: 0.2084403932094574, best pos: [    -182.62     -9.5045         1.3      1.0525]
2025-03-20 10:29:34,199 - pyswarms.single.global_best - INFO - Optimize for 150 iters with {'c1': 3, 'c2': 0.5, 'w': 0.9}
2025-03-20 10:29:35,881 - pyswarms.single.global_best - INFO - Optimization finished | best cost: 0.2019624561071396, best pos: [    -177.03     -4.4838      1.2828      1.0265]
2025-03-20 10:29:48,418 - pyswarms.single.global_best - INFO - Optimize for 150 iters with {'c1': 3, 'c2': 0.5, 'w': 0.9}
2025-03-20 10:29:50,186 - pyswarms.single.global_best - INFO - Optimization finished | best cost: 0.18448010087013245, best pos: [    -172.64      1.6423      1.2763      1.0075]
2025-03-20 10:29:54,887 - pyswarms.single.global_best - INFO - Optimize for 150 iters with {'c1': 3, 'c2': 0.5, 'w': 0.9}
2025-03-20 10:29:56,637 - pyswarms.single.global_best - INFO - Optimization finished | best cost: 0.19068016111850739, best pos: [    -178.09       6.309        1.29      1.0113]
2025-03-20 10:30:09,836 - pyswarms.single.global_best - INFO - Optimize for 150 iters with {'c1': 3, 'c2': 0.5, 'w': 0.9}
2025-03-20 10:30:11,553 - pyswarms.single.global_best - INFO - Optimization finished | best cost: 0.32978951930999756, best pos: [    -168.84          10         1.3     0.98222]
2025-03-20 10:30:15,913 - pyswarms.single.global_best - INFO - Optimize for 150 iters with {'c1': 3, 'c2': 0.5, 'w': 0.9}
2025-03-20 10:30:17,625 - pyswarms.single.global_best - INFO - Optimization finished | best cost: 0.21723708510398865, best pos: [     -146.1      -3.327      1.2331      1.0258]
2025-03-20 10:30:30,448 - pyswarms.single.global_best - INFO - Optimize for 150 iters with {'c1': 3, 'c2': 0.5, 'w': 0.9}
2025-03-20 10:30:32,082 - pyswarms.single.global_best - INFO - Optimization finished | best cost: 0.37623053789138794, best pos: [     -177.6      5.0793         1.3     0.99048]
2025-03-20 10:30:36,601 - pyswarms.single.global_best - INFO - Optimize for 150 iters with {'c1': 3, 'c2': 0.5, 'w': 0.9}
2025-03-20 10:30:38,374 - pyswarms.single.global_best - INFO - Optimization finished | best cost: 0.47589272260665894, best pos: [    -153.71      6.9384      1.2979     0.99707]
2025-03-20 10:30:42,953 - pyswarms.single.global_best - INFO - Optimize for 150 iters with {'c1': 3, 'c2': 0.5, 'w': 0.9}
2025-03-20 10:30:44,709 - pyswarms.single.global_best - INFO - Optimization finished | best cost: 0.36196112632751465, best pos: [    -185.18      2.7298      1.2861       1.019]
2025-03-20 10:30:49,226 - pyswarms.single.global_best - INFO - Optimize for 150 iters with {'c1': 3, 'c2': 0.5, 'w': 0.9}
2025-03-20 10:30:51,026 - pyswarms.single.global_best - INFO - Optimization finished | best cost: 0.5779271125793457, best pos: [    -177.95      9.9828      1.2985     0.98412]
2025-03-20 10:30:56,165 - pyswarms.single.global_best - INFO - Optimize for 150 iters with {'c1': 3, 'c2': 0.5, 'w': 0.9}
2025-03-20 10:30:57,808 - pyswarms.single.global_best - INFO - Optimization finished | best cost: 0.3450644016265869, best pos: [    -169.11      7.1184      1.2753      0.9844]
2025-03-20 10:31:02,947 - pyswarms.single.global_best - INFO - Optimize for 150 iters with {'c1': 3, 'c2': 0.5, 'w': 0.9}
2025-03-20 10:31:04,716 - pyswarms.single.global_best - INFO - Optimization finished | best cost: 0.20951823890209198, best pos: [    -178.65      0.1262       1.295      1.0204]
2025-03-20 10:31:09,523 - pyswarms.single.global_best - INFO - Optimize for 150 iters with {'c1': 3, 'c2': 0.5, 'w': 0.9}
2025-03-20 10:31:11,213 - pyswarms.single.global_best - INFO - Optimization finished | best cost: 0.4293111264705658, best pos: [    -165.05      2.3369      1.2923     0.99294]
2025-03-20 10:31:15,905 - pyswarms.single.global_best - INFO - Optimize for 150 iters with {'c1': 3, 'c2': 0.5, 'w': 0.9}
2025-03-20 10:31:17,592 - pyswarms.single.global_best - INFO - Optimization finished | best cost: 0.2200053632259369, best pos: [    -179.25          10         1.3     0.98425]
2025-03-20 10:31:23,725 - pyswarms.single.global_best - INFO - Optimize for 150 iters with {'c1': 3, 'c2': 0.5, 'w': 0.9}
2025-03-20 10:31:25,411 - pyswarms.single.global_best - INFO - Optimization finished | best cost: 0.19914400577545166, best pos: [    -170.84      5.1327         1.3     0.99304]
2025-03-20 10:31:30,460 - pyswarms.single.global_best - INFO - Optimize for 150 iters with {'c1': 3, 'c2': 0.5, 'w': 0.9}
2025-03-20 10:31:32,176 - pyswarms.single.global_best - INFO - Optimization finished | best cost: 0.2544572949409485, best pos: [    -164.17      1.8314      1.2778      1.0111]
2025-03-20 10:31:36,876 - pyswarms.single.global_best - INFO - Optimize for 150 iters with {'c1': 3, 'c2': 0.5, 'w': 0.9}
2025-03-20 10:31:38,570 - pyswarms.single.global_best - INFO - Optimization finished | best cost: 0.3176215589046478, best pos: [    -145.64    -0.74041      1.2523      1.0397]
2025-03-20 10:31:43,858 - pyswarms.single.global_best - INFO - Optimize for 150 iters with {'c1': 3, 'c2': 0.5, 'w': 0.9}
2025-03-20 10:31:45,433 - pyswarms.single.global_best - INFO - Optimization finished | best cost: 0.36758849024772644, best pos: [    -165.31      5.6709      1.2873     0.99553]
2025-03-20 10:31:50,772 - pyswarms.single.global_best - INFO - Optimize for 150 iters with {'c1': 3, 'c2': 0.5, 'w': 0.9}
2025-03-20 10:31:52,468 - pyswarms.single.global_best - INFO - Optimization finished | best cost: 0.26507768034935, best pos: [    -168.72     -9.3436      1.2936      1.0438]
2025-03-20 10:31:57,775 - pyswarms.single.global_best - INFO - Optimize for 150 iters with {'c1': 3, 'c2': 0.5, 'w': 0.9}
2025-03-20 10:31:59,569 - pyswarms.single.global_best - INFO - Optimization finished | best cost: 0.37444424629211426, best pos: [    -174.81      5.2806         1.3     0.99854]
2025-03-20 10:32:04,724 - pyswarms.single.global_best - INFO - Optimize for 150 iters with {'c1': 3, 'c2': 0.5, 'w': 0.9}
2025-03-20 10:32:06,582 - pyswarms.single.global_best - INFO - Optimization finished | best cost: 0.33748358488082886, best pos: [    -176.91      9.2483         1.3      1.0055]
2025-03-20 10:32:11,017 - pyswarms.single.global_best - INFO - Optimize for 150 iters with {'c1': 3, 'c2': 0.5, 'w': 0.9}
2025-03-20 10:32:12,768 - pyswarms.single.global_best - INFO - Optimization finished | best cost: 0.32609856128692627, best pos: [    -176.55      9.8504      1.2968      1.0016]
2025-03-20 10:32:17,675 - pyswarms.single.global_best - INFO - Optimize for 150 iters with {'c1': 3, 'c2': 0.5, 'w': 0.9}
2025-03-20 10:32:19,467 - pyswarms.single.global_best - INFO - Optimization finished | best cost: 0.20609180629253387, best pos: [    -163.56      -5.881      1.2992      1.0467]
2025-03-20 10:32:24,589 - pyswarms.single.global_best - INFO - Optimize for 150 iters with {'c1': 3, 'c2': 0.5, 'w': 0.9}
2025-03-20 10:32:26,428 - pyswarms.single.global_best - INFO - Optimization finished | best cost: 0.2861575484275818, best pos: [    -174.79     -4.2558      1.2911      1.0344]
2025-03-20 10:32:31,907 - pyswarms.single.global_best - INFO - Optimize for 150 iters with {'c1': 3, 'c2': 0.5, 'w': 0.9}
2025-03-20 10:32:33,729 - pyswarms.single.global_best - INFO - Optimization finished | best cost: 0.2318309098482132, best pos: [    -176.76    -0.82378      1.2917      1.0232]
2025-03-20 10:32:39,194 - pyswarms.single.global_best - INFO - Optimize for 150 iters with {'c1': 3, 'c2': 0.5, 'w': 0.9}
2025-03-20 10:32:40,931 - pyswarms.single.global_best - INFO - Optimization finished | best cost: 0.24720950424671173, best pos: [    -171.14      4.6379         1.3      1.0197]
2025-03-20 10:32:46,064 - pyswarms.single.global_best - INFO - Optimize for 150 iters with {'c1': 3, 'c2': 0.5, 'w': 0.9}
2025-03-20 10:32:47,989 - pyswarms.single.global_best - INFO - Optimization finished | best cost: 0.3242282569408417, best pos: [    -168.92      6.5531      1.2725     0.98819]
2025-03-20 10:32:53,374 - pyswarms.single.global_best - INFO - Optimize for 150 iters with {'c1': 3, 'c2': 0.5, 'w': 0.9}
2025-03-20 10:32:55,197 - pyswarms.single.global_best - INFO - Optimization finished | best cost: 0.2502634823322296, best pos: [    -170.75      6.2675      1.2856     0.99172]
2025-03-20 10:33:00,849 - pyswarms.single.global_best - INFO - Optimize for 150 iters with {'c1': 3, 'c2': 0.5, 'w': 0.9}
2025-03-20 10:33:02,816 - pyswarms.single.global_best - INFO - Optimization finished | best cost: 0.15251006186008453, best pos: [    -177.14     -6.7551         1.3      1.0319]
2025-03-20 10:33:08,035 - pyswarms.single.global_best - INFO - Optimize for 150 iters with {'c1': 3, 'c2': 0.5, 'w': 0.9}
2025-03-20 10:33:09,879 - pyswarms.single.global_best - INFO - Optimization finished | best cost: 0.1932046264410019, best pos: [    -184.14      4.5969      1.2993     0.99843]
2025-03-20 10:33:15,161 - pyswarms.single.global_best - INFO - Optimize for 150 iters with {'c1': 3, 'c2': 0.5, 'w': 0.9}
2025-03-20 10:33:16,894 - pyswarms.single.global_best - INFO - Optimization finished | best cost: 0.13161081075668335, best pos: [    -172.62      4.0812      1.2926      1.0046]
2025-03-20 10:33:21,499 - pyswarms.single.global_best - INFO - Optimize for 150 iters with {'c1': 3, 'c2': 0.5, 'w': 0.9}
2025-03-20 10:33:23,189 - pyswarms.single.global_best - INFO - Optimization finished | best cost: 0.16475467383861542, best pos: [    -177.96      3.2594      1.2959      1.0082]
2025-03-20 10:33:27,947 - pyswarms.single.global_best - INFO - Optimize for 150 iters with {'c1': 3, 'c2': 0.5, 'w': 0.9}
2025-03-20 10:33:29,735 - pyswarms.single.global_best - INFO - Optimization finished | best cost: 0.29411616921424866, best pos: [    -172.53      9.4825      1.2734       0.989]
2025-03-20 10:33:34,647 - pyswarms.single.global_best - INFO - Optimize for 150 iters with {'c1': 3, 'c2': 0.5, 'w': 0.9}
2025-03-20 10:33:36,392 - pyswarms.single.global_best - INFO - Optimization finished | best cost: 0.2139645367860794, best pos: [    -186.84        1.28      1.2931        1.01]
2025-03-20 10:33:41,339 - pyswarms.single.global_best - INFO - Optimize for 150 iters with {'c1': 3, 'c2': 0.5, 'w': 0.9}
2025-03-20 10:33:43,115 - pyswarms.single.global_best - INFO - Optimization finished | best cost: 0.29916417598724365, best pos: [    -175.31      1.1358         1.3      1.0147]
2025-03-20 10:33:48,300 - pyswarms.single.global_best - INFO - Optimize for 150 iters with {'c1': 3, 'c2': 0.5, 'w': 0.9}
2025-03-20 10:33:50,004 - pyswarms.single.global_best - INFO - Optimization finished | best cost: 0.2825513184070587, best pos: [    -177.84          10         1.3       1.001]
2025-03-20 10:33:55,222 - pyswarms.single.global_best - INFO - Optimize for 150 iters with {'c1': 3, 'c2': 0.5, 'w': 0.9}
2025-03-20 10:33:57,019 - pyswarms.single.global_best - INFO - Optimization finished | best cost: 0.31620684266090393, best pos: [    -182.45     -4.5179      1.2859      1.0378]
2025-03-20 10:34:02,611 - pyswarms.single.global_best - INFO - Optimize for 150 iters with {'c1': 3, 'c2': 0.5, 'w': 0.9}
2025-03-20 10:34:04,387 - pyswarms.single.global_best - INFO - Optimization finished | best cost: 0.2529382109642029, best pos: [    -177.89     -7.5108         1.3       1.056]
2025-03-20 10:34:13,522 - pyswarms.single.global_best - INFO - Optimize for 150 iters with {'c1': 3, 'c2': 0.5, 'w': 0.9}
2025-03-20 10:34:15,277 - pyswarms.single.global_best - INFO - Optimization finished | best cost: 0.2878858149051666, best pos: [    -170.35      8.7974         1.3      0.9915]
2025-03-20 10:34:20,723 - pyswarms.single.global_best - INFO - Optimize for 150 iters with {'c1': 3, 'c2': 0.5, 'w': 0.9}
2025-03-20 10:34:22,476 - pyswarms.single.global_best - INFO - Optimization finished | best cost: 0.5333661437034607, best pos: [    -172.74      3.0057      1.2882      1.0196]
2025-03-20 10:34:27,127 - pyswarms.single.global_best - INFO - Optimize for 150 iters with {'c1': 3, 'c2': 0.5, 'w': 0.9}
2025-03-20 10:34:28,885 - pyswarms.single.global_best - INFO - Optimization finished | best cost: 0.20152735710144043, best pos: [     -152.2     -4.6565      1.2192       1.022]
2025-03-20 10:34:33,158 - pyswarms.single.global_best - INFO - Optimize for 150 iters with {'c1': 3, 'c2': 0.5, 'w': 0.9}
2025-03-20 10:34:34,888 - pyswarms.single.global_best - INFO - Optimization finished | best cost: 0.40581896901130676, best pos: [    -174.49    -0.62634      1.2972      1.0139]
2025-03-20 10:34:45,754 - pyswarms.single.global_best - INFO - Optimize for 150 iters with {'c1': 3, 'c2': 0.5, 'w': 0.9}
2025-03-20 10:34:47,543 - pyswarms.single.global_best - INFO - Optimization finished | best cost: 0.24657458066940308, best pos: [     6.8812      -5.524      1.0575     0.85471]
2025-03-20 10:34:50,287 - pyswarms.single.global_best - INFO - Optimize for 150 iters with {'c1': 3, 'c2': 0.5, 'w': 0.9}
2025-03-20 10:34:52,012 - pyswarms.single.global_best - INFO - Optimization finished | best cost: 0.2666356563568115, best pos: [     16.417     -2.9562      1.0241     0.83747]
2025-03-20 10:34:56,351 - pyswarms.single.global_best - INFO - Optimize for 150 iters with {'c1': 3, 'c2': 0.5, 'w': 0.9}
2025-03-20 10:34:58,101 - pyswarms.single.global_best - INFO - Optimization finished | best cost: 0.3297167122364044, best pos: [      13.66     -8.8461      1.0333     0.88265]
2025-03-20 10:35:02,258 - pyswarms.single.global_best - INFO - Optimize for 150 iters with {'c1': 3, 'c2': 0.5, 'w': 0.9}
2025-03-20 10:35:04,012 - pyswarms.single.global_best - INFO - Optimization finished | best cost: 0.31514137983322144, best pos: [    -3.7747      -9.765      1.0927     0.83023]
2025-03-20 10:35:07,987 - pyswarms.single.global_best - INFO - Optimize for 150 iters with {'c1': 3, 'c2': 0.5, 'w': 0.9}
2025-03-20 10:35:09,737 - pyswarms.single.global_best - INFO - Optimization finished | best cost: 0.44774970412254333, best pos: [     19.264     -9.2437      1.0087     0.81747]
2025-03-20 10:35:14,313 - pyswarms.single.global_best - INFO - Optimize for 150 iters with {'c1': 3, 'c2': 0.5, 'w': 0.9}
2025-03-20 10:35:16,100 - pyswarms.single.global_best - INFO - Optimization finished | best cost: 0.5543798804283142, best pos: [     7.1553     0.81075      1.0514     0.79268]
2025-03-20 10:35:20,503 - pyswarms.single.global_best - INFO - Optimize for 150 iters with {'c1': 3, 'c2': 0.5, 'w': 0.9}
2025-03-20 10:35:22,188 - pyswarms.single.global_best - INFO - Optimization finished | best cost: 0.4239271879196167, best pos: [     14.427     -8.3513      1.0297     0.84496]
2025-03-20 10:35:26,786 - pyswarms.single.global_best - INFO - Optimize for 150 iters with {'c1': 3, 'c2': 0.5, 'w': 0.9}
2025-03-20 10:35:28,580 - pyswarms.single.global_best - INFO - Optimization finished | best cost: 0.5568456053733826, best pos: [     21.582     -7.9641      1.0039     0.83645]
2025-03-20 10:35:33,210 - pyswarms.single.global_best - INFO - Optimize for 150 iters with {'c1': 3, 'c2': 0.5, 'w': 0.9}
2025-03-20 10:35:35,020 - pyswarms.single.global_best - INFO - Optimization finished | best cost: 0.5304694771766663, best pos: [     13.158     -3.0049      1.0351     0.84224]
2025-03-20 10:35:39,880 - pyswarms.single.global_best - INFO - Optimize for 150 iters with {'c1': 3, 'c2': 0.5, 'w': 0.9}
2025-03-20 10:35:41,601 - pyswarms.single.global_best - INFO - Optimization finished | best cost: 0.42859306931495667, best pos: [     17.181     -9.3869      1.0108     0.88096]
2025-03-20 10:35:46,355 - pyswarms.single.global_best - INFO - Optimize for 150 iters with {'c1': 3, 'c2': 0.5, 'w': 0.9}
2025-03-20 10:35:48,124 - pyswarms.single.global_best - INFO - Optimization finished | best cost: 0.43698635697364807, best pos: [     11.466         -10      1.0374      0.8767]
2025-03-20 10:35:52,866 - pyswarms.single.global_best - INFO - Optimize for 150 iters with {'c1': 3, 'c2': 0.5, 'w': 0.9}
2025-03-20 10:35:54,669 - pyswarms.single.global_best - INFO - Optimization finished | best cost: 0.33319705724716187, best pos: [     16.667      -4.064      1.0229     0.86633]
2025-03-20 10:35:59,636 - pyswarms.single.global_best - INFO - Optimize for 150 iters with {'c1': 3, 'c2': 0.5, 'w': 0.9}
2025-03-20 10:36:01,395 - pyswarms.single.global_best - INFO - Optimization finished | best cost: 0.32690170407295227, best pos: [     14.606     -7.1357      1.0276     0.85643]
2025-03-20 10:36:06,297 - pyswarms.single.global_best - INFO - Optimize for 150 iters with {'c1': 3, 'c2': 0.5, 'w': 0.9}
2025-03-20 10:36:08,117 - pyswarms.single.global_best - INFO - Optimization finished | best cost: 0.4431610405445099, best pos: [     21.199     -6.0694      1.0096     0.85885]
2025-03-20 10:36:12,737 - pyswarms.single.global_best - INFO - Optimize for 150 iters with {'c1': 3, 'c2': 0.5, 'w': 0.9}
2025-03-20 10:36:14,530 - pyswarms.single.global_best - INFO - Optimization finished | best cost: 0.40357905626296997, best pos: [     15.436     -8.9195      1.0253     0.86629]
2025-03-20 10:36:19,524 - pyswarms.single.global_best - INFO - Optimize for 150 iters with {'c1': 3, 'c2': 0.5, 'w': 0.9}
2025-03-20 10:36:21,392 - pyswarms.single.global_best - INFO - Optimization finished | best cost: 0.40390366315841675, best pos: [     22.689     -6.6904      1.0107     0.89192]
2025-03-20 10:36:26,177 - pyswarms.single.global_best - INFO - Optimize for 150 iters with {'c1': 3, 'c2': 0.5, 'w': 0.9}
2025-03-20 10:36:28,081 - pyswarms.single.global_best - INFO - Optimization finished | best cost: 0.38784903287887573, best pos: [     21.385     -4.8048      1.0127     0.83839]
2025-03-20 10:36:32,593 - pyswarms.single.global_best - INFO - Optimize for 150 iters with {'c1': 3, 'c2': 0.5, 'w': 0.9}
2025-03-20 10:36:34,402 - pyswarms.single.global_best - INFO - Optimization finished | best cost: 0.5418583154678345, best pos: [     17.214     -3.5377      1.0263      0.8724]
2025-03-20 10:36:38,742 - pyswarms.single.global_best - INFO - Optimize for 150 iters with {'c1': 3, 'c2': 0.5, 'w': 0.9}
2025-03-20 10:36:40,568 - pyswarms.single.global_best - INFO - Optimization finished | best cost: 0.41703394055366516, best pos: [     9.5268     -4.0674      1.0441     0.77988]
2025-03-20 10:36:44,806 - pyswarms.single.global_best - INFO - Optimize for 150 iters with {'c1': 3, 'c2': 0.5, 'w': 0.9}
2025-03-20 10:36:46,581 - pyswarms.single.global_best - INFO - Optimization finished | best cost: 0.5702293515205383, best pos: [    -26.772     -1.6687      1.2005     0.70027]
2025-03-20 10:36:50,990 - pyswarms.single.global_best - INFO - Optimize for 150 iters with {'c1': 3, 'c2': 0.5, 'w': 0.9}
2025-03-20 10:36:52,731 - pyswarms.single.global_best - INFO - Optimization finished | best cost: 0.6496855020523071, best pos: [     3.1034     -2.4395       1.056     0.77822]
2025-03-20 10:37:00,853 - pyswarms.single.global_best - INFO - Optimize for 150 iters with {'c1': 3, 'c2': 0.5, 'w': 0.9}
2025-03-20 10:37:02,588 - pyswarms.single.global_best - INFO - Optimization finished | best cost: 0.623641848564148, best pos: [     10.846      -7.746      1.0485     0.79905]
2025-03-20 10:37:07,931 - pyswarms.single.global_best - INFO - Optimize for 150 iters with {'c1': 3, 'c2': 0.5, 'w': 0.9}
2025-03-20 10:37:09,594 - pyswarms.single.global_best - INFO - Optimization finished | best cost: 0.5388996601104736, best pos: [     16.646     -5.2506       1.026     0.81529]
2025-03-20 10:37:21,354 - pyswarms.single.global_best - INFO - Optimize for 150 iters with {'c1': 3, 'c2': 0.5, 'w': 0.9}
2025-03-20 10:37:25,388 - pyswarms.single.global_best - INFO - Optimization finished | best cost: 0.6470755338668823, best pos: [   -0.29116     -7.3266      1.0845     0.78876]
2025-03-20 10:37:35,631 - pyswarms.single.global_best - INFO - Optimize for 150 iters with {'c1': 3, 'c2': 0.5, 'w': 0.9}
2025-03-20 10:37:38,084 - pyswarms.single.global_best - INFO - Optimization finished | best cost: 0.4885864853858948, best pos: [     7.5034      -8.697      1.0426     0.82409]
2025-03-20 10:37:50,539 - pyswarms.single.global_best - INFO - Optimize for 150 iters with {'c1': 3, 'c2': 0.5, 'w': 0.9}
2025-03-20 10:37:53,818 - pyswarms.single.global_best - INFO - Optimization finished | best cost: 0.4966316521167755, best pos: [     13.019     -8.6797      1.0267      0.7396]
2025-03-20 10:38:11,102 - pyswarms.single.global_best - INFO - Optimize for 150 iters with {'c1': 3, 'c2': 0.5, 'w': 0.9}
2025-03-20 10:38:16,039 - pyswarms.single.global_best - INFO - Optimization finished | best cost: 0.5467382073402405, best pos: [     10.941     -5.8483      1.0385     0.82522]
2025-03-20 10:38:33,222 - pyswarms.single.global_best - INFO - Optimize for 150 iters with {'c1': 3, 'c2': 0.5, 'w': 0.9}
2025-03-20 10:38:37,705 - pyswarms.single.global_best - INFO - Optimization finished | best cost: 0.52396559715271, best pos: [     5.2874     -7.4881      1.0532     0.79849]
2025-03-20 10:38:55,503 - pyswarms.single.global_best - INFO - Optimize for 150 iters with {'c1': 3, 'c2': 0.5, 'w': 0.9}
2025-03-20 10:38:59,966 - pyswarms.single.global_best - INFO - Optimization finished | best cost: 0.5118779540061951, best pos: [     11.503     -3.6979      1.0339      0.7433]
2025-03-20 10:39:16,031 - pyswarms.single.global_best - INFO - Optimize for 150 iters with {'c1': 3, 'c2': 0.5, 'w': 0.9}
2025-03-20 10:39:17,768 - pyswarms.single.global_best - INFO - Optimization finished | best cost: 0.5205315947532654, best pos: [      6.929         -10      1.0526     0.85092]
2025-03-20 10:39:22,635 - pyswarms.single.global_best - INFO - Optimize for 150 iters with {'c1': 3, 'c2': 0.5, 'w': 0.9}
2025-03-20 10:39:24,525 - pyswarms.single.global_best - INFO - Optimization finished | best cost: 0.38792598247528076, best pos: [     12.186     -9.5769      1.0378     0.86386]
2025-03-20 10:39:28,955 - pyswarms.single.global_best - INFO - Optimize for 150 iters with {'c1': 3, 'c2': 0.5, 'w': 0.9}
2025-03-20 10:39:30,733 - pyswarms.single.global_best - INFO - Optimization finished | best cost: 0.49805545806884766, best pos: [     11.059     -7.3477      1.0365     0.88456]
2025-03-20 10:39:35,059 - pyswarms.single.global_best - INFO - Optimize for 150 iters with {'c1': 3, 'c2': 0.5, 'w': 0.9}
2025-03-20 10:39:36,871 - pyswarms.single.global_best - INFO - Optimization finished | best cost: 0.5075913071632385, best pos: [     13.661      -9.258       1.029     0.70078]
2025-03-20 10:39:41,505 - pyswarms.single.global_best - INFO - Optimize for 150 iters with {'c1': 3, 'c2': 0.5, 'w': 0.9}
2025-03-20 10:39:43,299 - pyswarms.single.global_best - INFO - Optimization finished | best cost: 0.5891348719596863, best pos: [     4.6146     -5.5001      1.0551     0.82251]
2025-03-20 10:39:48,105 - pyswarms.single.global_best - INFO - Optimize for 150 iters with {'c1': 3, 'c2': 0.5, 'w': 0.9}
2025-03-20 10:39:49,966 - pyswarms.single.global_best - INFO - Optimization finished | best cost: 0.4426937401294708, best pos: [    -2.3599     -2.9758      1.0707     0.82018]
2025-03-20 10:39:54,390 - pyswarms.single.global_best - INFO - Optimize for 150 iters with {'c1': 3, 'c2': 0.5, 'w': 0.9}
2025-03-20 10:39:56,267 - pyswarms.single.global_best - INFO - Optimization finished | best cost: 0.4410449266433716, best pos: [     2.8342     -7.1656      1.0641     0.85937]
2025-03-20 10:40:00,515 - pyswarms.single.global_best - INFO - Optimize for 150 iters with {'c1': 3, 'c2': 0.5, 'w': 0.9}
2025-03-20 10:40:02,355 - pyswarms.single.global_best - INFO - Optimization finished | best cost: 0.5370840430259705, best pos: [     14.566     -6.0765        1.03     0.85426]
2025-03-20 10:40:06,713 - pyswarms.single.global_best - INFO - Optimize for 150 iters with {'c1': 3, 'c2': 0.5, 'w': 0.9}
2025-03-20 10:40:08,543 - pyswarms.single.global_best - INFO - Optimization finished | best cost: 0.437361478805542, best pos: [     12.772      -7.966      1.0335     0.85141]
2025-03-20 10:40:12,923 - pyswarms.single.global_best - INFO - Optimize for 150 iters with {'c1': 3, 'c2': 0.5, 'w': 0.9}
2025-03-20 10:40:14,822 - pyswarms.single.global_best - INFO - Optimization finished | best cost: 0.5494946241378784, best pos: [     16.345     -7.1166      1.0306     0.81768]
2025-03-20 10:40:19,749 - pyswarms.single.global_best - INFO - Optimize for 150 iters with {'c1': 3, 'c2': 0.5, 'w': 0.9}
2025-03-20 10:40:21,547 - pyswarms.single.global_best - INFO - Optimization finished | best cost: 0.36218470335006714, best pos: [     24.879     -9.0667     0.99758     0.83887]
2025-03-20 10:40:26,121 - pyswarms.single.global_best - INFO - Optimize for 150 iters with {'c1': 3, 'c2': 0.5, 'w': 0.9}
2025-03-20 10:40:27,927 - pyswarms.single.global_best - INFO - Optimization finished | best cost: 0.4775072932243347, best pos: [     13.322     -6.9503      1.0317     0.83825]
2025-03-20 10:40:32,353 - pyswarms.single.global_best - INFO - Optimize for 150 iters with {'c1': 3, 'c2': 0.5, 'w': 0.9}
2025-03-20 10:40:34,188 - pyswarms.single.global_best - INFO - Optimization finished | best cost: 0.5830877423286438, best pos: [     11.658     -7.3301      1.0385     0.81468]
2025-03-20 10:40:38,457 - pyswarms.single.global_best - INFO - Optimize for 150 iters with {'c1': 3, 'c2': 0.5, 'w': 0.9}
2025-03-20 10:40:40,288 - pyswarms.single.global_best - INFO - Optimization finished | best cost: 0.4470953047275543, best pos: [     16.674     -7.3723      1.0178     0.83018]
2025-03-20 10:40:45,022 - pyswarms.single.global_best - INFO - Optimize for 150 iters with {'c1': 3, 'c2': 0.5, 'w': 0.9}
2025-03-20 10:40:47,013 - pyswarms.single.global_best - INFO - Optimization finished | best cost: 0.4656599462032318, best pos: [     19.347     -9.5866      1.0205     0.84032]
2025-03-20 10:40:51,868 - pyswarms.single.global_best - INFO - Optimize for 150 iters with {'c1': 3, 'c2': 0.5, 'w': 0.9}
2025-03-20 10:40:53,758 - pyswarms.single.global_best - INFO - Optimization finished | best cost: 0.4762570559978485, best pos: [      15.52     -7.9365      1.0212     0.83562]
2025-03-20 10:40:58,808 - pyswarms.single.global_best - INFO - Optimize for 150 iters with {'c1': 3, 'c2': 0.5, 'w': 0.9}
2025-03-20 10:41:00,731 - pyswarms.single.global_best - INFO - Optimization finished | best cost: 0.3539854884147644, best pos: [     17.383     -2.8087      1.0208     0.81912]
2025-03-20 10:41:05,694 - pyswarms.single.global_best - INFO - Optimize for 150 iters with {'c1': 3, 'c2': 0.5, 'w': 0.9}
2025-03-20 10:41:07,621 - pyswarms.single.global_best - INFO - Optimization finished | best cost: 0.4574039876461029, best pos: [     16.948     -5.0502       1.027     0.82389]
2025-03-20 10:41:12,488 - pyswarms.single.global_best - INFO - Optimize for 150 iters with {'c1': 3, 'c2': 0.5, 'w': 0.9}
2025-03-20 10:41:14,404 - pyswarms.single.global_best - INFO - Optimization finished | best cost: 0.34639978408813477, best pos: [     17.194     -9.3165      1.0278     0.85291]
2025-03-20 10:41:19,100 - pyswarms.single.global_best - INFO - Optimize for 150 iters with {'c1': 3, 'c2': 0.5, 'w': 0.9}
2025-03-20 10:41:21,020 - pyswarms.single.global_best - INFO - Optimization finished | best cost: 0.28701451420783997, best pos: [      17.99      -9.006      1.0182     0.84127]
2025-03-20 10:41:25,646 - pyswarms.single.global_best - INFO - Optimize for 150 iters with {'c1': 3, 'c2': 0.5, 'w': 0.9}
2025-03-20 10:41:27,503 - pyswarms.single.global_best - INFO - Optimization finished | best cost: 0.34367313981056213, best pos: [     21.386      -7.081      1.0078     0.79513]
2025-03-20 10:41:32,399 - pyswarms.single.global_best - INFO - Optimize for 150 iters with {'c1': 3, 'c2': 0.5, 'w': 0.9}
2025-03-20 10:41:34,266 - pyswarms.single.global_best - INFO - Optimization finished | best cost: 0.47706371545791626, best pos: [       21.6     -3.2832      1.0133     0.83712]
2025-03-20 10:41:39,143 - pyswarms.single.global_best - INFO - Optimize for 150 iters with {'c1': 3, 'c2': 0.5, 'w': 0.9}
2025-03-20 10:41:41,049 - pyswarms.single.global_best - INFO - Optimization finished | best cost: 0.35395389795303345, best pos: [      22.92     -6.4127      1.0068      0.8477]
2025-03-20 10:41:46,093 - pyswarms.single.global_best - INFO - Optimize for 150 iters with {'c1': 3, 'c2': 0.5, 'w': 0.9}
2025-03-20 10:41:48,007 - pyswarms.single.global_best - INFO - Optimization finished | best cost: 0.418760746717453, best pos: [     21.313     -3.3126      1.0125     0.82514]
2025-03-20 10:41:52,963 - pyswarms.single.global_best - INFO - Optimize for 150 iters with {'c1': 3, 'c2': 0.5, 'w': 0.9}
2025-03-20 10:41:54,853 - pyswarms.single.global_best - INFO - Optimization finished | best cost: 0.4040990173816681, best pos: [     15.116     -7.7276      1.0289      0.8498]
2025-03-20 10:41:59,739 - pyswarms.single.global_best - INFO - Optimize for 150 iters with {'c1': 3, 'c2': 0.5, 'w': 0.9}
2025-03-20 10:42:01,593 - pyswarms.single.global_best - INFO - Optimization finished | best cost: 0.35025766491889954, best pos: [     20.341         -10      1.0146     0.84115]
2025-03-20 10:42:06,470 - pyswarms.single.global_best - INFO - Optimize for 150 iters with {'c1': 3, 'c2': 0.5, 'w': 0.9}
2025-03-20 10:42:08,364 - pyswarms.single.global_best - INFO - Optimization finished | best cost: 0.4044809937477112, best pos: [     15.985      2.0684       1.025      0.8139]
2025-03-20 10:42:13,182 - pyswarms.single.global_best - INFO - Optimize for 150 iters with {'c1': 3, 'c2': 0.5, 'w': 0.9}
2025-03-20 10:42:15,097 - pyswarms.single.global_best - INFO - Optimization finished | best cost: 0.35505443811416626, best pos: [     20.411       -8.47      1.0134      0.8459]
2025-03-20 10:42:19,909 - pyswarms.single.global_best - INFO - Optimize for 150 iters with {'c1': 3, 'c2': 0.5, 'w': 0.9}
2025-03-20 10:42:21,738 - pyswarms.single.global_best - INFO - Optimization finished | best cost: 0.34538692235946655, best pos: [     16.513     -5.0459      1.0238     0.85047]
2025-03-20 10:42:26,523 - pyswarms.single.global_best - INFO - Optimize for 150 iters with {'c1': 3, 'c2': 0.5, 'w': 0.9}
2025-03-20 10:42:28,414 - pyswarms.single.global_best - INFO - Optimization finished | best cost: 0.5387059450149536, best pos: [     18.742     -7.5346      1.0078     0.82652]
2025-03-20 10:42:33,307 - pyswarms.single.global_best - INFO - Optimize for 150 iters with {'c1': 3, 'c2': 0.5, 'w': 0.9}
2025-03-20 10:42:35,129 - pyswarms.single.global_best - INFO - Optimization finished | best cost: 0.41858163475990295, best pos: [     30.614     -3.8988     0.94979     0.84291]
2025-03-20 10:42:39,970 - pyswarms.single.global_best - INFO - Optimize for 150 iters with {'c1': 3, 'c2': 0.5, 'w': 0.9}
2025-03-20 10:42:41,816 - pyswarms.single.global_best - INFO - Optimization finished | best cost: 0.3952127993106842, best pos: [     12.062     -6.6505      1.0443     0.85355]
2025-03-20 10:42:46,865 - pyswarms.single.global_best - INFO - Optimize for 150 iters with {'c1': 3, 'c2': 0.5, 'w': 0.9}
2025-03-20 10:42:48,795 - pyswarms.single.global_best - INFO - Optimization finished | best cost: 0.43621182441711426, best pos: [     23.795     -8.2119     0.98828     0.86892]
2025-03-20 10:42:53,725 - pyswarms.single.global_best - INFO - Optimize for 150 iters with {'c1': 3, 'c2': 0.5, 'w': 0.9}
2025-03-20 10:42:55,565 - pyswarms.single.global_best - INFO - Optimization finished | best cost: 0.5046080946922302, best pos: [      17.09     -8.8146       1.028     0.86181]
2025-03-20 10:43:00,411 - pyswarms.single.global_best - INFO - Optimize for 150 iters with {'c1': 3, 'c2': 0.5, 'w': 0.9}
2025-03-20 10:43:02,254 - pyswarms.single.global_best - INFO - Optimization finished | best cost: 0.38039258122444153, best pos: [     18.293     -8.0425      1.0186     0.84813]
2025-03-20 10:43:07,131 - pyswarms.single.global_best - INFO - Optimize for 150 iters with {'c1': 3, 'c2': 0.5, 'w': 0.9}
2025-03-20 10:43:09,029 - pyswarms.single.global_best - INFO - Optimization finished | best cost: 0.45736005902290344, best pos: [     20.953     -8.7958      1.0057     0.80802]
2025-03-20 10:43:13,829 - pyswarms.single.global_best - INFO - Optimize for 150 iters with {'c1': 3, 'c2': 0.5, 'w': 0.9}
2025-03-20 10:43:15,673 - pyswarms.single.global_best - INFO - Optimization finished | best cost: 0.5864214897155762, best pos: [    -41.468     -6.7821      1.2621     0.80995]
2025-03-20 10:43:21,144 - pyswarms.single.global_best - INFO - Optimize for 150 iters with {'c1': 3, 'c2': 0.5, 'w': 0.9}
2025-03-20 10:43:22,942 - pyswarms.single.global_best - INFO - Optimization finished | best cost: 0.3135153353214264, best pos: [     18.223     -8.4159        1.02     0.81327]
2025-03-20 10:43:27,780 - pyswarms.single.global_best - INFO - Optimize for 150 iters with {'c1': 3, 'c2': 0.5, 'w': 0.9}
2025-03-20 10:43:29,618 - pyswarms.single.global_best - INFO - Optimization finished | best cost: 0.3183407783508301, best pos: [     13.924     -8.1825      1.0383     0.81227]
2025-03-20 10:43:38,153 - pyswarms.single.global_best - INFO - Optimize for 150 iters with {'c1': 3, 'c2': 0.5, 'w': 0.9}
2025-03-20 10:43:39,998 - pyswarms.single.global_best - INFO - Optimization finished | best cost: 0.2979319095611572, best pos: [    -172.79     -7.5217      1.2892      1.0402]
2025-03-20 10:43:43,149 - pyswarms.single.global_best - INFO - Optimize for 150 iters with {'c1': 3, 'c2': 0.5, 'w': 0.9}
2025-03-20 10:43:44,990 - pyswarms.single.global_best - INFO - Optimization finished | best cost: 0.27502569556236267, best pos: [    -173.27     -4.9601      1.2894       1.035]
2025-03-20 10:43:48,880 - pyswarms.single.global_best - INFO - Optimize for 150 iters with {'c1': 3, 'c2': 0.5, 'w': 0.9}
2025-03-20 10:43:50,755 - pyswarms.single.global_best - INFO - Optimization finished | best cost: 0.2578743100166321, best pos: [    -176.62          -5         1.3       1.035]
2025-03-20 10:43:55,110 - pyswarms.single.global_best - INFO - Optimize for 150 iters with {'c1': 3, 'c2': 0.5, 'w': 0.9}
2025-03-20 10:43:56,982 - pyswarms.single.global_best - INFO - Optimization finished | best cost: 0.2268693447113037, best pos: [    -173.58      1.8115       1.298      1.0142]
2025-03-20 10:44:01,852 - pyswarms.single.global_best - INFO - Optimize for 150 iters with {'c1': 3, 'c2': 0.5, 'w': 0.9}
2025-03-20 10:44:03,717 - pyswarms.single.global_best - INFO - Optimization finished | best cost: 0.27690646052360535, best pos: [    -161.15      2.0505      1.2875     0.99834]
2025-03-20 10:44:08,627 - pyswarms.single.global_best - INFO - Optimize for 150 iters with {'c1': 3, 'c2': 0.5, 'w': 0.9}
2025-03-20 10:44:10,634 - pyswarms.single.global_best - INFO - Optimization finished | best cost: 0.23226885497570038, best pos: [    -165.95     -4.7091      1.2899      1.0259]
2025-03-20 10:44:16,220 - pyswarms.single.global_best - INFO - Optimize for 150 iters with {'c1': 3, 'c2': 0.5, 'w': 0.9}
2025-03-20 10:44:18,332 - pyswarms.single.global_best - INFO - Optimization finished | best cost: 0.26452016830444336, best pos: [    -169.81      5.2716      1.2855     0.99416]
2025-03-20 10:44:24,196 - pyswarms.single.global_best - INFO - Optimize for 150 iters with {'c1': 3, 'c2': 0.5, 'w': 0.9}
2025-03-20 10:44:26,160 - pyswarms.single.global_best - INFO - Optimization finished | best cost: 0.25976285338401794, best pos: [    -155.89     -6.8053      1.2794      1.0195]
2025-03-20 10:44:30,986 - pyswarms.single.global_best - INFO - Optimize for 150 iters with {'c1': 3, 'c2': 0.5, 'w': 0.9}
2025-03-20 10:44:32,795 - pyswarms.single.global_best - INFO - Optimization finished | best cost: 0.24410715699195862, best pos: [    -169.38     -1.0576      1.2994      1.0066]
2025-03-20 10:44:37,178 - pyswarms.single.global_best - INFO - Optimize for 150 iters with {'c1': 3, 'c2': 0.5, 'w': 0.9}
2025-03-20 10:44:39,137 - pyswarms.single.global_best - INFO - Optimization finished | best cost: 0.23919503390789032, best pos: [    -178.19         -10         1.3      1.0399]
2025-03-20 10:44:43,515 - pyswarms.single.global_best - INFO - Optimize for 150 iters with {'c1': 3, 'c2': 0.5, 'w': 0.9}
2025-03-20 10:44:45,384 - pyswarms.single.global_best - INFO - Optimization finished | best cost: 0.27746665477752686, best pos: [    -162.65    -0.35684      1.2957      1.0024]
2025-03-20 10:44:50,579 - pyswarms.single.global_best - INFO - Optimize for 150 iters with {'c1': 3, 'c2': 0.5, 'w': 0.9}
2025-03-20 10:44:52,451 - pyswarms.single.global_best - INFO - Optimization finished | best cost: 0.30622246861457825, best pos: [    -167.84         -10         1.3      1.0375]
2025-03-20 10:44:56,619 - pyswarms.single.global_best - INFO - Optimize for 150 iters with {'c1': 3, 'c2': 0.5, 'w': 0.9}
2025-03-20 10:44:58,544 - pyswarms.single.global_best - INFO - Optimization finished | best cost: 0.25372767448425293, best pos: [    -158.62      1.5535      1.2901      1.0149]
2025-03-20 10:45:08,768 - pyswarms.single.global_best - INFO - Optimize for 150 iters with {'c1': 3, 'c2': 0.5, 'w': 0.9}
2025-03-20 10:45:10,632 - pyswarms.single.global_best - INFO - Optimization finished | best cost: 0.4204755425453186, best pos: [    -168.13         -10         1.3      1.0435]
2025-03-20 10:45:14,929 - pyswarms.single.global_best - INFO - Optimize for 150 iters with {'c1': 3, 'c2': 0.5, 'w': 0.9}
2025-03-20 10:45:16,781 - pyswarms.single.global_best - INFO - Optimization finished | best cost: 0.22425922751426697, best pos: [     -160.2    -0.97245      1.2787      1.0406]
2025-03-20 10:45:44,147 - pyswarms.single.global_best - INFO - Optimize for 150 iters with {'c1': 3, 'c2': 0.5, 'w': 0.9}
2025-03-20 10:45:46,038 - pyswarms.single.global_best - INFO - Optimization finished | best cost: 0.4949333667755127, best pos: [     182.23      8.2787     0.78018     0.97531]
2025-03-20 10:45:50,626 - pyswarms.single.global_best - INFO - Optimize for 150 iters with {'c1': 3, 'c2': 0.5, 'w': 0.9}
2025-03-20 10:45:52,418 - pyswarms.single.global_best - INFO - Optimization finished | best cost: 0.25783929228782654, best pos: [    -165.45     -8.1532      1.2935      1.0442]
2025-03-20 10:45:57,712 - pyswarms.single.global_best - INFO - Optimize for 150 iters with {'c1': 3, 'c2': 0.5, 'w': 0.9}
2025-03-20 10:45:59,643 - pyswarms.single.global_best - INFO - Optimization finished | best cost: 0.46311354637145996, best pos: [    -160.76     -3.7036      1.2774      1.0201]
2025-03-20 10:46:04,196 - pyswarms.single.global_best - INFO - Optimize for 150 iters with {'c1': 3, 'c2': 0.5, 'w': 0.9}
2025-03-20 10:46:06,086 - pyswarms.single.global_best - INFO - Optimization finished | best cost: 0.2973082661628723, best pos: [    -167.59          10         1.3     0.96255]
2025-03-20 10:46:10,888 - pyswarms.single.global_best - INFO - Optimize for 150 iters with {'c1': 3, 'c2': 0.5, 'w': 0.9}
2025-03-20 10:46:12,761 - pyswarms.single.global_best - INFO - Optimization finished | best cost: 0.3156319856643677, best pos: [    -171.48     0.68996      1.2912     0.99097]
2025-03-20 10:46:16,802 - pyswarms.single.global_best - INFO - Optimize for 150 iters with {'c1': 3, 'c2': 0.5, 'w': 0.9}
2025-03-20 10:46:18,710 - pyswarms.single.global_best - INFO - Optimization finished | best cost: 0.3230566084384918, best pos: [    -173.31     -7.0134       1.289      1.0394]
2025-03-20 10:46:26,835 - pyswarms.single.global_best - INFO - Optimize for 150 iters with {'c1': 3, 'c2': 0.5, 'w': 0.9}
2025-03-20 10:46:28,703 - pyswarms.single.global_best - INFO - Optimization finished | best cost: 0.18875445425510406, best pos: [     -179.6     -3.3991      1.2978       1.018]
2025-03-20 10:46:33,148 - pyswarms.single.global_best - INFO - Optimize for 150 iters with {'c1': 3, 'c2': 0.5, 'w': 0.9}
2025-03-20 10:46:35,024 - pyswarms.single.global_best - INFO - Optimization finished | best cost: 0.23942014575004578, best pos: [    -179.38     -8.9175      1.2993      1.0121]
2025-03-20 10:46:39,401 - pyswarms.single.global_best - INFO - Optimize for 150 iters with {'c1': 3, 'c2': 0.5, 'w': 0.9}
2025-03-20 10:46:41,215 - pyswarms.single.global_best - INFO - Optimization finished | best cost: 0.2223886251449585, best pos: [     -157.7      1.6134      1.2808      1.0073]
2025-03-20 10:46:45,720 - pyswarms.single.global_best - INFO - Optimize for 150 iters with {'c1': 3, 'c2': 0.5, 'w': 0.9}
2025-03-20 10:46:47,599 - pyswarms.single.global_best - INFO - Optimization finished | best cost: 0.3694742023944855, best pos: [    -174.45      -2.817      1.2961      1.0249]
2025-03-20 10:46:52,292 - pyswarms.single.global_best - INFO - Optimize for 150 iters with {'c1': 3, 'c2': 0.5, 'w': 0.9}
2025-03-20 10:46:54,169 - pyswarms.single.global_best - INFO - Optimization finished | best cost: 0.20630018413066864, best pos: [    -165.83      1.2906      1.2925      1.0123]
2025-03-20 10:46:58,625 - pyswarms.single.global_best - INFO - Optimize for 150 iters with {'c1': 3, 'c2': 0.5, 'w': 0.9}
2025-03-20 10:47:00,393 - pyswarms.single.global_best - INFO - Optimization finished | best cost: 0.18708305060863495, best pos: [    -168.24     -7.7111      1.2923      1.0294]
2025-03-20 10:47:04,758 - pyswarms.single.global_best - INFO - Optimize for 150 iters with {'c1': 3, 'c2': 0.5, 'w': 0.9}
2025-03-20 10:47:06,580 - pyswarms.single.global_best - INFO - Optimization finished | best cost: 0.20208294689655304, best pos: [    -166.58     -4.7834      1.2975      1.0397]
2025-03-20 10:47:10,683 - pyswarms.single.global_best - INFO - Optimize for 150 iters with {'c1': 3, 'c2': 0.5, 'w': 0.9}
2025-03-20 10:47:12,471 - pyswarms.single.global_best - INFO - Optimization finished | best cost: 0.34392115473747253, best pos: [    -181.22     -5.1876         1.3      1.0477]
2025-03-20 10:47:16,166 - pyswarms.single.global_best - INFO - Optimize for 150 iters with {'c1': 3, 'c2': 0.5, 'w': 0.9}
2025-03-20 10:47:18,039 - pyswarms.single.global_best - INFO - Optimization finished | best cost: 0.2112821638584137, best pos: [    -177.54     -9.6057         1.3      1.0617]
2025-03-20 10:47:21,679 - pyswarms.single.global_best - INFO - Optimize for 150 iters with {'c1': 3, 'c2': 0.5, 'w': 0.9}
2025-03-20 10:47:23,505 - pyswarms.single.global_best - INFO - Optimization finished | best cost: 0.19311077892780304, best pos: [    -167.69     -9.8809      1.2952      1.0497]
2025-03-20 10:47:28,355 - pyswarms.single.global_best - INFO - Optimize for 150 iters with {'c1': 3, 'c2': 0.5, 'w': 0.9}
2025-03-20 10:47:30,230 - pyswarms.single.global_best - INFO - Optimization finished | best cost: 0.23162055015563965, best pos: [    -64.748     -8.1007      1.0923      1.0528]
2025-03-20 10:53:03,605 - pyswarms.single.global_best - INFO - Optimize for 150 iters with {'c1': 3, 'c2': 0.5, 'w': 0.9}
2025-03-20 10:53:08,821 - pyswarms.single.global_best - INFO - Optimization finished | best cost: 0.5607502460479736, best pos: [    -181.09     -7.0504      1.2979      1.1178]
2025-03-20 10:53:17,485 - pyswarms.single.global_best - INFO - Optimize for 150 iters with {'c1': 3, 'c2': 0.5, 'w': 0.9}
2025-03-20 10:53:22,514 - pyswarms.single.global_best - INFO - Optimization finished | best cost: 0.4067830741405487, best pos: [     -177.4     -3.5795      1.2986      1.0483]
2025-03-20 10:53:31,708 - pyswarms.single.global_best - INFO - Optimize for 150 iters with {'c1': 3, 'c2': 0.5, 'w': 0.9}
2025-03-20 10:53:33,452 - pyswarms.single.global_best - INFO - Optimization finished | best cost: 0.41829580068588257, best pos: [    -163.66     -2.8006         1.3      1.0277]
2025-03-20 10:53:38,538 - pyswarms.single.global_best - INFO - Optimize for 150 iters with {'c1': 3, 'c2': 0.5, 'w': 0.9}
2025-03-20 10:53:40,268 - pyswarms.single.global_best - INFO - Optimization finished | best cost: 0.3762853145599365, best pos: [    -168.36      7.4594         1.3      1.0089]
2025-03-20 10:53:44,535 - pyswarms.single.global_best - INFO - Optimize for 150 iters with {'c1': 3, 'c2': 0.5, 'w': 0.9}
2025-03-20 10:53:46,345 - pyswarms.single.global_best - INFO - Optimization finished | best cost: 0.34970831871032715, best pos: [    -170.11          10         1.3     0.98828]
2025-03-20 10:53:50,472 - pyswarms.single.global_best - INFO - Optimize for 150 iters with {'c1': 3, 'c2': 0.5, 'w': 0.9}
2025-03-20 10:53:52,296 - pyswarms.single.global_best - INFO - Optimization finished | best cost: 0.5130854249000549, best pos: [    -161.89     -2.3639      1.2987      1.0374]
2025-03-20 10:53:56,704 - pyswarms.single.global_best - INFO - Optimize for 150 iters with {'c1': 3, 'c2': 0.5, 'w': 0.9}
2025-03-20 10:53:58,530 - pyswarms.single.global_best - INFO - Optimization finished | best cost: 0.21678254008293152, best pos: [    -170.74     -5.5998         1.3      1.0223]
2025-03-20 10:54:03,512 - pyswarms.single.global_best - INFO - Optimize for 150 iters with {'c1': 3, 'c2': 0.5, 'w': 0.9}
2025-03-20 10:54:05,244 - pyswarms.single.global_best - INFO - Optimization finished | best cost: 0.23919528722763062, best pos: [     -177.3     -6.5333      1.2959      1.0599]
2025-03-20 10:54:09,995 - pyswarms.single.global_best - INFO - Optimize for 150 iters with {'c1': 3, 'c2': 0.5, 'w': 0.9}
2025-03-20 10:54:11,973 - pyswarms.single.global_best - INFO - Optimization finished | best cost: 0.2590535879135132, best pos: [    -170.62     -7.0427         1.3       1.049]
2025-03-20 10:54:16,379 - pyswarms.single.global_best - INFO - Optimize for 150 iters with {'c1': 3, 'c2': 0.5, 'w': 0.9}
2025-03-20 10:54:18,288 - pyswarms.single.global_best - INFO - Optimization finished | best cost: 0.3127950429916382, best pos: [    -167.59         -10         1.3      1.0501]
2025-03-20 10:54:23,227 - pyswarms.single.global_best - INFO - Optimize for 150 iters with {'c1': 3, 'c2': 0.5, 'w': 0.9}
2025-03-20 10:54:25,093 - pyswarms.single.global_best - INFO - Optimization finished | best cost: 0.30479371547698975, best pos: [    -169.66         -10         1.3      1.0496]
2025-03-20 10:54:30,110 - pyswarms.single.global_best - INFO - Optimize for 150 iters with {'c1': 3, 'c2': 0.5, 'w': 0.9}
2025-03-20 10:54:32,217 - pyswarms.single.global_best - INFO - Optimization finished | best cost: 0.33843427896499634, best pos: [    -165.43      7.9631      1.2942     0.99362]
2025-03-20 10:54:36,877 - pyswarms.single.global_best - INFO - Optimize for 150 iters with {'c1': 3, 'c2': 0.5, 'w': 0.9}
2025-03-20 10:54:38,645 - pyswarms.single.global_best - INFO - Optimization finished | best cost: 0.2767910361289978, best pos: [    -177.66      1.3032         1.3       1.018]
2025-03-20 10:54:43,881 - pyswarms.single.global_best - INFO - Optimize for 150 iters with {'c1': 3, 'c2': 0.5, 'w': 0.9}
2025-03-20 10:54:45,611 - pyswarms.single.global_best - INFO - Optimization finished | best cost: 0.2785415053367615, best pos: [    -167.15         -10         1.3      1.0589]
2025-03-20 10:54:51,634 - pyswarms.single.global_best - INFO - Optimize for 150 iters with {'c1': 3, 'c2': 0.5, 'w': 0.9}
2025-03-20 10:54:53,374 - pyswarms.single.global_best - INFO - Optimization finished | best cost: 0.34323015809059143, best pos: [     -178.7      -6.694         1.3      1.0379]
2025-03-20 10:54:59,048 - pyswarms.single.global_best - INFO - Optimize for 150 iters with {'c1': 3, 'c2': 0.5, 'w': 0.9}
2025-03-20 10:55:01,257 - pyswarms.single.global_best - INFO - Optimization finished | best cost: 0.30276402831077576, best pos: [    -169.13      4.5815      1.2977      1.0165]
2025-03-20 10:55:05,968 - pyswarms.single.global_best - INFO - Optimize for 150 iters with {'c1': 3, 'c2': 0.5, 'w': 0.9}
2025-03-20 10:55:07,706 - pyswarms.single.global_best - INFO - Optimization finished | best cost: 0.3375385105609894, best pos: [    -164.23     -1.5751      1.2912      1.0252]
2025-03-20 10:55:12,347 - pyswarms.single.global_best - INFO - Optimize for 150 iters with {'c1': 3, 'c2': 0.5, 'w': 0.9}
2025-03-20 10:55:14,217 - pyswarms.single.global_best - INFO - Optimization finished | best cost: 0.2724037766456604, best pos: [     -162.3     -9.7204      1.2874      1.0512]
2025-03-20 10:55:18,422 - pyswarms.single.global_best - INFO - Optimize for 150 iters with {'c1': 3, 'c2': 0.5, 'w': 0.9}
2025-03-20 10:55:20,284 - pyswarms.single.global_best - INFO - Optimization finished | best cost: 0.2917289137840271, best pos: [    -164.64      4.3544         1.3       1.007]
2025-03-20 10:55:23,632 - pyswarms.single.global_best - INFO - Optimize for 150 iters with {'c1': 3, 'c2': 0.5, 'w': 0.9}
2025-03-20 10:55:25,575 - pyswarms.single.global_best - INFO - Optimization finished | best cost: 0.31084710359573364, best pos: [       -171      8.5118         1.3     0.98949]
2025-03-20 10:55:36,417 - pyswarms.single.global_best - INFO - Optimize for 150 iters with {'c1': 3, 'c2': 0.5, 'w': 0.9}
2025-03-20 10:55:38,278 - pyswarms.single.global_best - INFO - Optimization finished | best cost: 0.1942867487668991, best pos: [    -166.27         -10         1.3       1.053]
2025-03-20 10:55:42,952 - pyswarms.single.global_best - INFO - Optimize for 150 iters with {'c1': 3, 'c2': 0.5, 'w': 0.9}
2025-03-20 10:55:44,861 - pyswarms.single.global_best - INFO - Optimization finished | best cost: 0.21528437733650208, best pos: [    -166.72      -6.814         1.3       1.031]
2025-03-20 10:55:49,522 - pyswarms.single.global_best - INFO - Optimize for 150 iters with {'c1': 3, 'c2': 0.5, 'w': 0.9}
2025-03-20 10:55:51,322 - pyswarms.single.global_best - INFO - Optimization finished | best cost: 0.2676882743835449, best pos: [    -175.39         -10         1.3      1.0348]
2025-03-20 10:55:56,286 - pyswarms.single.global_best - INFO - Optimize for 150 iters with {'c1': 3, 'c2': 0.5, 'w': 0.9}
2025-03-20 10:55:58,150 - pyswarms.single.global_best - INFO - Optimization finished | best cost: 0.37616831064224243, best pos: [    -157.86       8.857      1.2207     0.98982]
2025-03-20 10:56:02,345 - pyswarms.single.global_best - INFO - Optimize for 150 iters with {'c1': 3, 'c2': 0.5, 'w': 0.9}
2025-03-20 10:56:04,254 - pyswarms.single.global_best - INFO - Optimization finished | best cost: 0.35056740045547485, best pos: [    -179.15     -8.4015      1.2995       1.046]
2025-03-20 10:56:08,697 - pyswarms.single.global_best - INFO - Optimize for 150 iters with {'c1': 3, 'c2': 0.5, 'w': 0.9}
2025-03-20 10:56:10,602 - pyswarms.single.global_best - INFO - Optimization finished | best cost: 0.36252865195274353, best pos: [    -184.72     -7.5862         1.3      1.0493]
2025-03-20 10:56:15,266 - pyswarms.single.global_best - INFO - Optimize for 150 iters with {'c1': 3, 'c2': 0.5, 'w': 0.9}
2025-03-20 10:56:17,050 - pyswarms.single.global_best - INFO - Optimization finished | best cost: 0.3221598267555237, best pos: [    -168.66     -8.4519      1.2875      1.0676]
2025-03-20 10:56:21,468 - pyswarms.single.global_best - INFO - Optimize for 150 iters with {'c1': 3, 'c2': 0.5, 'w': 0.9}
2025-03-20 10:56:23,298 - pyswarms.single.global_best - INFO - Optimization finished | best cost: 0.3585926294326782, best pos: [    -172.04    -0.41676         1.3      1.0311]
2025-03-20 10:56:27,629 - pyswarms.single.global_best - INFO - Optimize for 150 iters with {'c1': 3, 'c2': 0.5, 'w': 0.9}
2025-03-20 10:56:29,470 - pyswarms.single.global_best - INFO - Optimization finished | best cost: 0.3476296663284302, best pos: [    -175.39         -10         1.3      1.0469]
2025-03-20 10:56:33,769 - pyswarms.single.global_best - INFO - Optimize for 150 iters with {'c1': 3, 'c2': 0.5, 'w': 0.9}
2025-03-20 10:56:35,584 - pyswarms.single.global_best - INFO - Optimization finished | best cost: 0.2515220642089844, best pos: [    -162.89     -1.6321      1.2889     0.99804]
2025-03-20 10:56:39,779 - pyswarms.single.global_best - INFO - Optimize for 150 iters with {'c1': 3, 'c2': 0.5, 'w': 0.9}
2025-03-20 10:56:41,581 - pyswarms.single.global_best - INFO - Optimization finished | best cost: 0.3424336910247803, best pos: [    -172.37     -3.2506      1.2952      1.0024]
2025-03-20 10:56:46,026 - pyswarms.single.global_best - INFO - Optimize for 150 iters with {'c1': 3, 'c2': 0.5, 'w': 0.9}
2025-03-20 10:56:47,824 - pyswarms.single.global_best - INFO - Optimization finished | best cost: 0.24844154715538025, best pos: [    -181.09         -10         1.3      1.0643]
2025-03-20 10:56:52,461 - pyswarms.single.global_best - INFO - Optimize for 150 iters with {'c1': 3, 'c2': 0.5, 'w': 0.9}
2025-03-20 10:56:54,321 - pyswarms.single.global_best - INFO - Optimization finished | best cost: 0.24627859890460968, best pos: [    -170.17      3.3481      1.2911      1.0026]
2025-03-20 10:56:58,881 - pyswarms.single.global_best - INFO - Optimize for 150 iters with {'c1': 3, 'c2': 0.5, 'w': 0.9}
2025-03-20 10:57:00,686 - pyswarms.single.global_best - INFO - Optimization finished | best cost: 0.26591840386390686, best pos: [    -173.93      8.7127      1.2992     0.98919]
2025-03-20 10:57:05,155 - pyswarms.single.global_best - INFO - Optimize for 150 iters with {'c1': 3, 'c2': 0.5, 'w': 0.9}
2025-03-20 10:57:07,011 - pyswarms.single.global_best - INFO - Optimization finished | best cost: 0.1823052167892456, best pos: [    -172.55     0.58536         1.3      1.0214]
2025-03-20 10:57:11,947 - pyswarms.single.global_best - INFO - Optimize for 150 iters with {'c1': 3, 'c2': 0.5, 'w': 0.9}
2025-03-20 10:57:13,753 - pyswarms.single.global_best - INFO - Optimization finished | best cost: 0.36294832825660706, best pos: [    -172.79     -5.0127         1.3      1.0375]
2025-03-20 10:57:17,902 - pyswarms.single.global_best - INFO - Optimize for 150 iters with {'c1': 3, 'c2': 0.5, 'w': 0.9}
2025-03-20 10:57:19,698 - pyswarms.single.global_best - INFO - Optimization finished | best cost: 0.23984971642494202, best pos: [     -174.4     -1.7807      1.2965      1.0293]
2025-03-20 10:57:24,185 - pyswarms.single.global_best - INFO - Optimize for 150 iters with {'c1': 3, 'c2': 0.5, 'w': 0.9}
2025-03-20 10:57:26,002 - pyswarms.single.global_best - INFO - Optimization finished | best cost: 0.2122087925672531, best pos: [    -177.75         -10         1.3      1.0323]
2025-03-20 10:57:30,633 - pyswarms.single.global_best - INFO - Optimize for 150 iters with {'c1': 3, 'c2': 0.5, 'w': 0.9}
2025-03-20 10:57:32,442 - pyswarms.single.global_best - INFO - Optimization finished | best cost: 0.19937877357006073, best pos: [    -174.66      -4.701       1.293      1.0323]
2025-03-20 10:57:37,619 - pyswarms.single.global_best - INFO - Optimize for 150 iters with {'c1': 3, 'c2': 0.5, 'w': 0.9}
2025-03-20 10:57:39,437 - pyswarms.single.global_best - INFO - Optimization finished | best cost: 0.24671097099781036, best pos: [    -177.58     -3.5485         1.3      1.0346]
2025-03-20 10:57:44,275 - pyswarms.single.global_best - INFO - Optimize for 150 iters with {'c1': 3, 'c2': 0.5, 'w': 0.9}
2025-03-20 10:57:46,083 - pyswarms.single.global_best - INFO - Optimization finished | best cost: 0.2990444600582123, best pos: [    -180.54     0.87681         1.3      1.0011]
2025-03-20 10:57:50,851 - pyswarms.single.global_best - INFO - Optimize for 150 iters with {'c1': 3, 'c2': 0.5, 'w': 0.9}
2025-03-20 10:57:52,650 - pyswarms.single.global_best - INFO - Optimization finished | best cost: 0.261836975812912, best pos: [    -175.17     -8.9231      1.2888       1.052]
2025-03-20 10:57:57,478 - pyswarms.single.global_best - INFO - Optimize for 150 iters with {'c1': 3, 'c2': 0.5, 'w': 0.9}
2025-03-20 10:57:59,274 - pyswarms.single.global_best - INFO - Optimization finished | best cost: 0.2406991571187973, best pos: [    -183.32     -2.9954         1.3      1.0296]
2025-03-20 10:58:04,224 - pyswarms.single.global_best - INFO - Optimize for 150 iters with {'c1': 3, 'c2': 0.5, 'w': 0.9}
2025-03-20 10:58:05,952 - pyswarms.single.global_best - INFO - Optimization finished | best cost: 0.3218121826648712, best pos: [    -172.99     -3.4849      1.2885       1.035]
2025-03-20 10:58:10,395 - pyswarms.single.global_best - INFO - Optimize for 150 iters with {'c1': 3, 'c2': 0.5, 'w': 0.9}
2025-03-20 10:58:12,119 - pyswarms.single.global_best - INFO - Optimization finished | best cost: 0.3001888394355774, best pos: [    -183.46          10         1.3      1.0039]
2025-03-20 10:58:16,639 - pyswarms.single.global_best - INFO - Optimize for 150 iters with {'c1': 3, 'c2': 0.5, 'w': 0.9}
2025-03-20 10:58:18,420 - pyswarms.single.global_best - INFO - Optimization finished | best cost: 0.30004388093948364, best pos: [    -174.07      2.4077      1.2984      1.0016]
2025-03-20 10:58:23,062 - pyswarms.single.global_best - INFO - Optimize for 150 iters with {'c1': 3, 'c2': 0.5, 'w': 0.9}
2025-03-20 10:58:24,810 - pyswarms.single.global_best - INFO - Optimization finished | best cost: 0.26728495955467224, best pos: [    -179.55      5.3686         1.3     0.97246]
2025-03-20 10:58:29,731 - pyswarms.single.global_best - INFO - Optimize for 150 iters with {'c1': 3, 'c2': 0.5, 'w': 0.9}
2025-03-20 10:58:31,479 - pyswarms.single.global_best - INFO - Optimization finished | best cost: 0.37856242060661316, best pos: [    -179.97     -2.6931      1.2838      1.0263]
2025-03-20 10:58:36,285 - pyswarms.single.global_best - INFO - Optimize for 150 iters with {'c1': 3, 'c2': 0.5, 'w': 0.9}
2025-03-20 10:58:38,078 - pyswarms.single.global_best - INFO - Optimization finished | best cost: 0.2828389108181, best pos: [    -183.84      -7.143         1.3      1.0591]
2025-03-20 10:58:42,812 - pyswarms.single.global_best - INFO - Optimize for 150 iters with {'c1': 3, 'c2': 0.5, 'w': 0.9}
2025-03-20 10:58:44,572 - pyswarms.single.global_best - INFO - Optimization finished | best cost: 0.2565496563911438, best pos: [    -186.54     -4.7612         1.3      1.0286]
2025-03-20 10:58:48,934 - pyswarms.single.global_best - INFO - Optimize for 150 iters with {'c1': 3, 'c2': 0.5, 'w': 0.9}
2025-03-20 10:58:50,763 - pyswarms.single.global_best - INFO - Optimization finished | best cost: 0.26487255096435547, best pos: [    -174.11     -1.4411      1.2977      1.0094]
2025-03-20 10:58:55,299 - pyswarms.single.global_best - INFO - Optimize for 150 iters with {'c1': 3, 'c2': 0.5, 'w': 0.9}
2025-03-20 10:58:57,081 - pyswarms.single.global_best - INFO - Optimization finished | best cost: 0.28017109632492065, best pos: [     -179.4      1.0698      1.2967      1.0176]
2025-03-20 10:59:01,684 - pyswarms.single.global_best - INFO - Optimize for 150 iters with {'c1': 3, 'c2': 0.5, 'w': 0.9}
2025-03-20 10:59:03,412 - pyswarms.single.global_best - INFO - Optimization finished | best cost: 0.2671327590942383, best pos: [    -175.47     -9.4299         1.3      1.0369]
2025-03-20 10:59:07,965 - pyswarms.single.global_best - INFO - Optimize for 150 iters with {'c1': 3, 'c2': 0.5, 'w': 0.9}
2025-03-20 10:59:09,726 - pyswarms.single.global_best - INFO - Optimization finished | best cost: 0.2920908033847809, best pos: [    -169.16     0.89577       1.247      1.0231]
2025-03-20 10:59:14,348 - pyswarms.single.global_best - INFO - Optimize for 150 iters with {'c1': 3, 'c2': 0.5, 'w': 0.9}
2025-03-20 10:59:16,170 - pyswarms.single.global_best - INFO - Optimization finished | best cost: 0.40266698598861694, best pos: [    -171.74     -6.7221         1.3      1.0535]
2025-03-20 10:59:20,482 - pyswarms.single.global_best - INFO - Optimize for 150 iters with {'c1': 3, 'c2': 0.5, 'w': 0.9}
2025-03-20 10:59:22,250 - pyswarms.single.global_best - INFO - Optimization finished | best cost: 0.3439652621746063, best pos: [    -165.47          10      1.2911     0.97485]
2025-03-20 10:59:26,805 - pyswarms.single.global_best - INFO - Optimize for 150 iters with {'c1': 3, 'c2': 0.5, 'w': 0.9}
2025-03-20 10:59:28,647 - pyswarms.single.global_best - INFO - Optimization finished | best cost: 0.2899971008300781, best pos: [    -164.34      7.5867         1.3     0.96636]
2025-03-20 10:59:33,036 - pyswarms.single.global_best - INFO - Optimize for 150 iters with {'c1': 3, 'c2': 0.5, 'w': 0.9}
2025-03-20 10:59:34,778 - pyswarms.single.global_best - INFO - Optimization finished | best cost: 0.3098553717136383, best pos: [    -160.44    -0.93668      1.2967     0.99687]
2025-03-20 10:59:39,055 - pyswarms.single.global_best - INFO - Optimize for 150 iters with {'c1': 3, 'c2': 0.5, 'w': 0.9}
2025-03-20 10:59:40,923 - pyswarms.single.global_best - INFO - Optimization finished | best cost: 0.4122289717197418, best pos: [    -168.44     -6.8501      1.2966      1.0217]
2025-03-20 10:59:45,393 - pyswarms.single.global_best - INFO - Optimize for 150 iters with {'c1': 3, 'c2': 0.5, 'w': 0.9}
2025-03-20 10:59:47,191 - pyswarms.single.global_best - INFO - Optimization finished | best cost: 0.39989790320396423, best pos: [    -169.95      -9.503         1.3      1.0385]
2025-03-20 10:59:51,608 - pyswarms.single.global_best - INFO - Optimize for 150 iters with {'c1': 3, 'c2': 0.5, 'w': 0.9}
2025-03-20 10:59:53,454 - pyswarms.single.global_best - INFO - Optimization finished | best cost: 0.3151114284992218, best pos: [    -165.87         -10         1.3      1.0359]
2025-03-20 10:59:57,702 - pyswarms.single.global_best - INFO - Optimize for 150 iters with {'c1': 3, 'c2': 0.5, 'w': 0.9}
2025-03-20 10:59:59,554 - pyswarms.single.global_best - INFO - Optimization finished | best cost: 0.34265661239624023, best pos: [    -163.09         -10      1.2835      1.0486]
2025-03-20 11:00:06,207 - pyswarms.single.global_best - INFO - Optimize for 150 iters with {'c1': 3, 'c2': 0.5, 'w': 0.9}
2025-03-20 11:00:08,055 - pyswarms.single.global_best - INFO - Optimization finished | best cost: 0.568762481212616, best pos: [     19.236     0.47727      1.0347     0.85337]
2025-03-20 11:00:09,646 - pyswarms.single.global_best - INFO - Optimize for 150 iters with {'c1': 3, 'c2': 0.5, 'w': 0.9}
2025-03-20 11:00:11,483 - pyswarms.single.global_best - INFO - Optimization finished | best cost: 0.7638155221939087, best pos: [     66.848       0.516     0.82257     0.83726]
2025-03-20 11:00:16,000 - pyswarms.single.global_best - INFO - Optimize for 150 iters with {'c1': 3, 'c2': 0.5, 'w': 0.9}
2025-03-20 11:00:17,783 - pyswarms.single.global_best - INFO - Optimization finished | best cost: 0.49241161346435547, best pos: [     30.435     -8.5388     0.98754     0.92204]
2025-03-20 11:00:22,152 - pyswarms.single.global_best - INFO - Optimize for 150 iters with {'c1': 3, 'c2': 0.5, 'w': 0.9}
2025-03-20 11:00:23,967 - pyswarms.single.global_best - INFO - Optimization finished | best cost: 0.4684140682220459, best pos: [     48.952     -6.4305     0.91007     0.89356]
2025-03-20 11:00:28,530 - pyswarms.single.global_best - INFO - Optimize for 150 iters with {'c1': 3, 'c2': 0.5, 'w': 0.9}
2025-03-20 11:00:30,370 - pyswarms.single.global_best - INFO - Optimization finished | best cost: 0.4782484471797943, best pos: [     21.337     -4.4278       1.027     0.90642]
2025-03-20 11:00:34,691 - pyswarms.single.global_best - INFO - Optimize for 150 iters with {'c1': 3, 'c2': 0.5, 'w': 0.9}
2025-03-20 11:00:36,477 - pyswarms.single.global_best - INFO - Optimization finished | best cost: 0.44315922260284424, best pos: [     30.046     -8.2316     0.99309     0.90805]
2025-03-20 11:00:40,653 - pyswarms.single.global_best - INFO - Optimize for 150 iters with {'c1': 3, 'c2': 0.5, 'w': 0.9}
2025-03-20 11:00:42,510 - pyswarms.single.global_best - INFO - Optimization finished | best cost: 0.3171594440937042, best pos: [     7.6387     -1.3854      1.0419     0.87461]
2025-03-20 11:00:46,708 - pyswarms.single.global_best - INFO - Optimize for 150 iters with {'c1': 3, 'c2': 0.5, 'w': 0.9}
2025-03-20 11:00:48,533 - pyswarms.single.global_best - INFO - Optimization finished | best cost: 0.31538885831832886, best pos: [     10.799      5.7251      1.0353     0.83904]
2025-03-20 11:00:52,514 - pyswarms.single.global_best - INFO - Optimize for 150 iters with {'c1': 3, 'c2': 0.5, 'w': 0.9}
2025-03-20 11:00:54,296 - pyswarms.single.global_best - INFO - Optimization finished | best cost: 0.5460892915725708, best pos: [     6.0647      1.6139      1.0539     0.84695]
2025-03-20 11:00:58,511 - pyswarms.single.global_best - INFO - Optimize for 150 iters with {'c1': 3, 'c2': 0.5, 'w': 0.9}
2025-03-20 11:01:00,308 - pyswarms.single.global_best - INFO - Optimization finished | best cost: 0.7026172876358032, best pos: [     12.197     -8.4362       1.039     0.85198]
2025-03-20 11:01:04,419 - pyswarms.single.global_best - INFO - Optimize for 150 iters with {'c1': 3, 'c2': 0.5, 'w': 0.9}
2025-03-20 11:01:06,244 - pyswarms.single.global_best - INFO - Optimization finished | best cost: 0.5442075729370117, best pos: [     7.4943     0.67709      1.0403     0.80311]
2025-03-20 11:01:10,192 - pyswarms.single.global_best - INFO - Optimize for 150 iters with {'c1': 3, 'c2': 0.5, 'w': 0.9}
2025-03-20 11:01:11,989 - pyswarms.single.global_best - INFO - Optimization finished | best cost: 0.5179970860481262, best pos: [    -13.091     -3.9261      1.0753     0.83808]
2025-03-20 11:01:16,235 - pyswarms.single.global_best - INFO - Optimize for 150 iters with {'c1': 3, 'c2': 0.5, 'w': 0.9}
2025-03-20 11:01:18,000 - pyswarms.single.global_best - INFO - Optimization finished | best cost: 0.29621362686157227, best pos: [     10.059     -4.7746       1.038       0.829]
2025-03-20 11:01:22,311 - pyswarms.single.global_best - INFO - Optimize for 150 iters with {'c1': 3, 'c2': 0.5, 'w': 0.9}
2025-03-20 11:01:24,121 - pyswarms.single.global_best - INFO - Optimization finished | best cost: 0.28582361340522766, best pos: [     19.542     -3.9956      1.0165     0.85582]
2025-03-20 11:01:28,160 - pyswarms.single.global_best - INFO - Optimize for 150 iters with {'c1': 3, 'c2': 0.5, 'w': 0.9}
2025-03-20 11:01:30,006 - pyswarms.single.global_best - INFO - Optimization finished | best cost: 0.30729565024375916, best pos: [     20.725     -7.5246      1.0181     0.84862]
2025-03-20 11:01:34,183 - pyswarms.single.global_best - INFO - Optimize for 150 iters with {'c1': 3, 'c2': 0.5, 'w': 0.9}
2025-03-20 11:01:36,022 - pyswarms.single.global_best - INFO - Optimization finished | best cost: 0.30722689628601074, best pos: [     29.983     -7.3029     0.99504     0.84694]
2025-03-20 11:01:40,390 - pyswarms.single.global_best - INFO - Optimize for 150 iters with {'c1': 3, 'c2': 0.5, 'w': 0.9}
2025-03-20 11:01:42,226 - pyswarms.single.global_best - INFO - Optimization finished | best cost: 0.38363808393478394, best pos: [     33.764       1.057     0.99255     0.85135]
2025-03-20 11:01:46,747 - pyswarms.single.global_best - INFO - Optimize for 150 iters with {'c1': 3, 'c2': 0.5, 'w': 0.9}
2025-03-20 11:01:48,573 - pyswarms.single.global_best - INFO - Optimization finished | best cost: 0.42738375067710876, best pos: [     22.404      -6.183      1.0115     0.83885]
2025-03-20 11:01:53,187 - pyswarms.single.global_best - INFO - Optimize for 150 iters with {'c1': 3, 'c2': 0.5, 'w': 0.9}
2025-03-20 11:01:54,988 - pyswarms.single.global_best - INFO - Optimization finished | best cost: 0.3712880313396454, best pos: [     18.645     -8.7589      1.0186     0.86639]
2025-03-20 11:01:59,396 - pyswarms.single.global_best - INFO - Optimize for 150 iters with {'c1': 3, 'c2': 0.5, 'w': 0.9}
2025-03-20 11:02:01,230 - pyswarms.single.global_best - INFO - Optimization finished | best cost: 0.3383201062679291, best pos: [     18.436     -7.3921       1.016     0.83891]
2025-03-20 11:02:05,640 - pyswarms.single.global_best - INFO - Optimize for 150 iters with {'c1': 3, 'c2': 0.5, 'w': 0.9}
2025-03-20 11:02:07,452 - pyswarms.single.global_best - INFO - Optimization finished | best cost: 0.31056657433509827, best pos: [     29.458      -9.237     0.99679     0.88425]
2025-03-20 11:02:11,925 - pyswarms.single.global_best - INFO - Optimize for 150 iters with {'c1': 3, 'c2': 0.5, 'w': 0.9}
2025-03-20 11:02:13,750 - pyswarms.single.global_best - INFO - Optimization finished | best cost: 0.3360846936702728, best pos: [       25.6     -2.9968      1.0017      0.8612]
2025-03-20 11:02:18,264 - pyswarms.single.global_best - INFO - Optimize for 150 iters with {'c1': 3, 'c2': 0.5, 'w': 0.9}
2025-03-20 11:02:20,130 - pyswarms.single.global_best - INFO - Optimization finished | best cost: 0.4360333979129791, best pos: [     22.504     -1.1418      1.0015     0.84801]
2025-03-20 11:02:25,037 - pyswarms.single.global_best - INFO - Optimize for 150 iters with {'c1': 3, 'c2': 0.5, 'w': 0.9}
2025-03-20 11:02:26,827 - pyswarms.single.global_best - INFO - Optimization finished | best cost: 0.3904622495174408, best pos: [     17.053      -6.737      1.0268     0.88806]
2025-03-20 11:02:31,674 - pyswarms.single.global_best - INFO - Optimize for 150 iters with {'c1': 3, 'c2': 0.5, 'w': 0.9}
2025-03-20 11:02:33,570 - pyswarms.single.global_best - INFO - Optimization finished | best cost: 0.5335546731948853, best pos: [     10.958     -7.3839       1.034     0.87669]
2025-03-20 11:02:38,334 - pyswarms.single.global_best - INFO - Optimize for 150 iters with {'c1': 3, 'c2': 0.5, 'w': 0.9}
2025-03-20 11:02:40,173 - pyswarms.single.global_best - INFO - Optimization finished | best cost: 0.4222944378852844, best pos: [     18.135     -5.2996      1.0237     0.87308]
2025-03-20 11:02:44,948 - pyswarms.single.global_best - INFO - Optimize for 150 iters with {'c1': 3, 'c2': 0.5, 'w': 0.9}
2025-03-20 11:02:46,798 - pyswarms.single.global_best - INFO - Optimization finished | best cost: 0.3553624451160431, best pos: [      25.58      2.0149      1.0073     0.83306]
2025-03-20 11:02:50,212 - pyswarms.single.global_best - INFO - Optimize for 150 iters with {'c1': 3, 'c2': 0.5, 'w': 0.9}
2025-03-20 11:02:51,946 - pyswarms.single.global_best - INFO - Optimization finished | best cost: 0.342026025056839, best pos: [     25.735         -10      1.0206     0.88852]
2025-03-20 11:03:01,686 - pyswarms.single.global_best - INFO - Optimize for 150 iters with {'c1': 3, 'c2': 0.5, 'w': 0.9}
2025-03-20 11:03:03,640 - pyswarms.single.global_best - INFO - Optimization finished | best cost: 0.4485933184623718, best pos: [     28.147     -9.9517     0.99923     0.86042]
2025-03-20 11:03:08,413 - pyswarms.single.global_best - INFO - Optimize for 150 iters with {'c1': 3, 'c2': 0.5, 'w': 0.9}
2025-03-20 11:03:10,315 - pyswarms.single.global_best - INFO - Optimization finished | best cost: 0.2876845598220825, best pos: [     12.711         -10      1.0334     0.79787]
2025-03-20 11:03:15,421 - pyswarms.single.global_best - INFO - Optimize for 150 iters with {'c1': 3, 'c2': 0.5, 'w': 0.9}
2025-03-20 11:03:17,237 - pyswarms.single.global_best - INFO - Optimization finished | best cost: 0.6041103005409241, best pos: [     16.903     -7.8778      1.0227     0.86946]
2025-03-20 11:03:22,436 - pyswarms.single.global_best - INFO - Optimize for 150 iters with {'c1': 3, 'c2': 0.5, 'w': 0.9}
2025-03-20 11:03:24,286 - pyswarms.single.global_best - INFO - Optimization finished | best cost: 0.619779646396637, best pos: [     9.4831         -10      1.0372     0.89999]
2025-03-20 11:03:29,478 - pyswarms.single.global_best - INFO - Optimize for 150 iters with {'c1': 3, 'c2': 0.5, 'w': 0.9}
2025-03-20 11:03:31,216 - pyswarms.single.global_best - INFO - Optimization finished | best cost: 0.46210238337516785, best pos: [      16.21     -2.1057      1.0334     0.84364]
2025-03-20 11:03:36,578 - pyswarms.single.global_best - INFO - Optimize for 150 iters with {'c1': 3, 'c2': 0.5, 'w': 0.9}
2025-03-20 11:03:38,709 - pyswarms.single.global_best - INFO - Optimization finished | best cost: 0.47204679250717163, best pos: [      15.81     -5.8373      1.0143     0.82335]
2025-03-20 11:03:43,905 - pyswarms.single.global_best - INFO - Optimize for 150 iters with {'c1': 3, 'c2': 0.5, 'w': 0.9}
2025-03-20 11:03:45,717 - pyswarms.single.global_best - INFO - Optimization finished | best cost: 0.4824662208557129, best pos: [     12.493     -5.9819      1.0234     0.81793]
2025-03-20 11:03:51,326 - pyswarms.single.global_best - INFO - Optimize for 150 iters with {'c1': 3, 'c2': 0.5, 'w': 0.9}
2025-03-20 11:03:53,320 - pyswarms.single.global_best - INFO - Optimization finished | best cost: 0.5012832283973694, best pos: [     18.843     -8.4676      1.0165     0.80924]
2025-03-20 11:04:02,640 - pyswarms.single.global_best - INFO - Optimize for 150 iters with {'c1': 3, 'c2': 0.5, 'w': 0.9}
2025-03-20 11:04:05,028 - pyswarms.single.global_best - INFO - Optimization finished | best cost: 0.37650322914123535, best pos: [     20.865     -4.1723      1.0206      0.8442]
2025-03-20 11:04:10,462 - pyswarms.single.global_best - INFO - Optimize for 150 iters with {'c1': 3, 'c2': 0.5, 'w': 0.9}
2025-03-20 11:04:12,275 - pyswarms.single.global_best - INFO - Optimization finished | best cost: 0.24784855544567108, best pos: [     11.707     -8.6059      1.0499     0.86894]
2025-03-20 11:04:15,300 - pyswarms.single.global_best - INFO - Optimize for 150 iters with {'c1': 3, 'c2': 0.5, 'w': 0.9}
2025-03-20 11:04:17,149 - pyswarms.single.global_best - INFO - Optimization finished | best cost: 0.41144266724586487, best pos: [     19.036   -0.017595      1.0116     0.82701]
2025-03-20 11:04:40,114 - pyswarms.single.global_best - INFO - Optimize for 150 iters with {'c1': 3, 'c2': 0.5, 'w': 0.9}
2025-03-20 11:04:41,906 - pyswarms.single.global_best - INFO - Optimization finished | best cost: 0.2720356583595276, best pos: [     15.921     -7.0066      1.0365     0.86293]
2025-03-20 11:04:47,090 - pyswarms.single.global_best - INFO - Optimize for 150 iters with {'c1': 3, 'c2': 0.5, 'w': 0.9}
2025-03-20 11:04:49,006 - pyswarms.single.global_best - INFO - Optimization finished | best cost: 0.3716367185115814, best pos: [      15.96     -6.6815      1.0317     0.85261]
2025-03-20 11:04:53,964 - pyswarms.single.global_best - INFO - Optimize for 150 iters with {'c1': 3, 'c2': 0.5, 'w': 0.9}
2025-03-20 11:04:55,924 - pyswarms.single.global_best - INFO - Optimization finished | best cost: 0.5215062499046326, best pos: [     18.291    -0.72521      1.0214     0.83515]
2025-03-20 11:05:00,893 - pyswarms.single.global_best - INFO - Optimize for 150 iters with {'c1': 3, 'c2': 0.5, 'w': 0.9}
2025-03-20 11:05:02,857 - pyswarms.single.global_best - INFO - Optimization finished | best cost: 0.630595326423645, best pos: [      17.55     -5.3191       1.025     0.81175]
2025-03-20 11:05:07,684 - pyswarms.single.global_best - INFO - Optimize for 150 iters with {'c1': 3, 'c2': 0.5, 'w': 0.9}
2025-03-20 11:05:09,640 - pyswarms.single.global_best - INFO - Optimization finished | best cost: 0.5843207240104675, best pos: [     17.367     -5.6318      1.0202     0.85613]
2025-03-20 11:05:14,511 - pyswarms.single.global_best - INFO - Optimize for 150 iters with {'c1': 3, 'c2': 0.5, 'w': 0.9}
2025-03-20 11:05:16,387 - pyswarms.single.global_best - INFO - Optimization finished | best cost: 0.5396600365638733, best pos: [     13.722     -9.0106      1.0353     0.84902]
2025-03-20 11:05:21,469 - pyswarms.single.global_best - INFO - Optimize for 150 iters with {'c1': 3, 'c2': 0.5, 'w': 0.9}
2025-03-20 11:05:23,385 - pyswarms.single.global_best - INFO - Optimization finished | best cost: 0.5885485410690308, best pos: [     18.263     -4.5536       1.019     0.78864]
2025-03-20 11:05:28,354 - pyswarms.single.global_best - INFO - Optimize for 150 iters with {'c1': 3, 'c2': 0.5, 'w': 0.9}
2025-03-20 11:05:30,300 - pyswarms.single.global_best - INFO - Optimization finished | best cost: 0.5093873739242554, best pos: [     22.526     -4.7094      1.0047     0.82838]
2025-03-20 11:05:35,535 - pyswarms.single.global_best - INFO - Optimize for 150 iters with {'c1': 3, 'c2': 0.5, 'w': 0.9}
2025-03-20 11:05:37,533 - pyswarms.single.global_best - INFO - Optimization finished | best cost: 0.5290181040763855, best pos: [     20.327         -10      1.0088     0.86243]
2025-03-20 11:05:42,478 - pyswarms.single.global_best - INFO - Optimize for 150 iters with {'c1': 3, 'c2': 0.5, 'w': 0.9}
2025-03-20 11:05:44,300 - pyswarms.single.global_best - INFO - Optimization finished | best cost: 0.5893055200576782, best pos: [      7.602         -10      1.0515     0.84641]
2025-03-20 11:05:49,449 - pyswarms.single.global_best - INFO - Optimize for 150 iters with {'c1': 3, 'c2': 0.5, 'w': 0.9}
2025-03-20 11:05:51,369 - pyswarms.single.global_best - INFO - Optimization finished | best cost: 0.5206402540206909, best pos: [     9.2155      -8.802      1.0599     0.89887]
2025-03-20 11:05:56,123 - pyswarms.single.global_best - INFO - Optimize for 150 iters with {'c1': 3, 'c2': 0.5, 'w': 0.9}
2025-03-20 11:05:58,032 - pyswarms.single.global_best - INFO - Optimization finished | best cost: 0.4226604104042053, best pos: [     10.392         -10      1.0468     0.88861]
2025-03-20 11:06:03,494 - pyswarms.single.global_best - INFO - Optimize for 150 iters with {'c1': 3, 'c2': 0.5, 'w': 0.9}
2025-03-20 11:06:05,421 - pyswarms.single.global_best - INFO - Optimization finished | best cost: 0.34550824761390686, best pos: [     24.379     -9.8959      1.0086     0.86499]
2025-03-20 11:06:10,691 - pyswarms.single.global_best - INFO - Optimize for 150 iters with {'c1': 3, 'c2': 0.5, 'w': 0.9}
2025-03-20 11:06:12,596 - pyswarms.single.global_best - INFO - Optimization finished | best cost: 0.2695026397705078, best pos: [     17.626     -9.9268      1.0281     0.86752]
2025-03-20 11:06:17,427 - pyswarms.single.global_best - INFO - Optimize for 150 iters with {'c1': 3, 'c2': 0.5, 'w': 0.9}
2025-03-20 11:06:19,277 - pyswarms.single.global_best - INFO - Optimization finished | best cost: 0.3816016912460327, best pos: [      15.54      -6.169      1.0286     0.86194]
2025-03-20 11:06:24,000 - pyswarms.single.global_best - INFO - Optimize for 150 iters with {'c1': 3, 'c2': 0.5, 'w': 0.9}
2025-03-20 11:06:25,850 - pyswarms.single.global_best - INFO - Optimization finished | best cost: 0.3493148386478424, best pos: [     23.851     -5.2276      1.0059     0.86934]
2025-03-20 11:06:31,778 - pyswarms.single.global_best - INFO - Optimize for 150 iters with {'c1': 3, 'c2': 0.5, 'w': 0.9}
2025-03-20 11:06:33,736 - pyswarms.single.global_best - INFO - Optimization finished | best cost: 0.25068530440330505, best pos: [     -164.2      4.2358      1.2991      1.0049]
2025-03-20 11:06:37,880 - pyswarms.single.global_best - INFO - Optimize for 150 iters with {'c1': 3, 'c2': 0.5, 'w': 0.9}
2025-03-20 11:06:39,872 - pyswarms.single.global_best - INFO - Optimization finished | best cost: 0.37430238723754883, best pos: [    -162.21          10         1.3     0.99018]
2025-03-20 11:06:45,177 - pyswarms.single.global_best - INFO - Optimize for 150 iters with {'c1': 3, 'c2': 0.5, 'w': 0.9}
2025-03-20 11:06:47,101 - pyswarms.single.global_best - INFO - Optimization finished | best cost: 0.2566746473312378, best pos: [    -162.06      -8.271      1.2948      1.0359]
2025-03-20 11:06:52,766 - pyswarms.single.global_best - INFO - Optimize for 150 iters with {'c1': 3, 'c2': 0.5, 'w': 0.9}
2025-03-20 11:06:54,661 - pyswarms.single.global_best - INFO - Optimization finished | best cost: 0.3616650402545929, best pos: [    -161.25     0.52687      1.2936      1.0038]
2025-03-20 11:07:00,403 - pyswarms.single.global_best - INFO - Optimize for 150 iters with {'c1': 3, 'c2': 0.5, 'w': 0.9}
2025-03-20 11:07:02,336 - pyswarms.single.global_best - INFO - Optimization finished | best cost: 0.35328584909439087, best pos: [    -169.14     -2.0736         1.3      1.0308]
2025-03-20 11:07:08,305 - pyswarms.single.global_best - INFO - Optimize for 150 iters with {'c1': 3, 'c2': 0.5, 'w': 0.9}
2025-03-20 11:07:10,230 - pyswarms.single.global_best - INFO - Optimization finished | best cost: 0.4243757724761963, best pos: [    -163.28      3.9972      1.2778      1.0069]
2025-03-20 11:07:15,678 - pyswarms.single.global_best - INFO - Optimize for 150 iters with {'c1': 3, 'c2': 0.5, 'w': 0.9}
2025-03-20 11:07:17,631 - pyswarms.single.global_best - INFO - Optimization finished | best cost: 0.32848846912384033, best pos: [    -172.74    -0.76376       1.299      1.0148]
2025-03-20 11:07:23,281 - pyswarms.single.global_best - INFO - Optimize for 150 iters with {'c1': 3, 'c2': 0.5, 'w': 0.9}
2025-03-20 11:07:25,229 - pyswarms.single.global_best - INFO - Optimization finished | best cost: 0.3344341218471527, best pos: [    -162.66      2.0415      1.2848      1.0126]
2025-03-20 11:07:31,109 - pyswarms.single.global_best - INFO - Optimize for 150 iters with {'c1': 3, 'c2': 0.5, 'w': 0.9}
2025-03-20 11:07:33,115 - pyswarms.single.global_best - INFO - Optimization finished | best cost: 0.16705331206321716, best pos: [    -170.05      7.5812         1.3     0.98615]
2025-03-20 11:07:39,057 - pyswarms.single.global_best - INFO - Optimize for 150 iters with {'c1': 3, 'c2': 0.5, 'w': 0.9}
2025-03-20 11:07:41,131 - pyswarms.single.global_best - INFO - Optimization finished | best cost: 0.39771533012390137, best pos: [    -172.26          10         1.3     0.98209]
2025-03-20 11:07:46,861 - pyswarms.single.global_best - INFO - Optimize for 150 iters with {'c1': 3, 'c2': 0.5, 'w': 0.9}
2025-03-20 11:07:48,832 - pyswarms.single.global_best - INFO - Optimization finished | best cost: 0.30636832118034363, best pos: [    -154.35     -5.3583      1.2834      1.0334]
2025-03-20 11:07:54,545 - pyswarms.single.global_best - INFO - Optimize for 150 iters with {'c1': 3, 'c2': 0.5, 'w': 0.9}
2025-03-20 11:07:56,437 - pyswarms.single.global_best - INFO - Optimization finished | best cost: 0.2750610411167145, best pos: [    -167.15      3.6581      1.2989     0.99081]
2025-03-20 11:08:01,732 - pyswarms.single.global_best - INFO - Optimize for 150 iters with {'c1': 3, 'c2': 0.5, 'w': 0.9}
2025-03-20 11:08:03,629 - pyswarms.single.global_best - INFO - Optimization finished | best cost: 0.38601410388946533, best pos: [    -158.46      1.8584      1.2856       0.994]
2025-03-20 11:08:08,995 - pyswarms.single.global_best - INFO - Optimize for 150 iters with {'c1': 3, 'c2': 0.5, 'w': 0.9}
2025-03-20 11:08:10,908 - pyswarms.single.global_best - INFO - Optimization finished | best cost: 0.3436395227909088, best pos: [    -164.82    -0.20502         1.3      1.0093]
2025-03-20 11:08:16,294 - pyswarms.single.global_best - INFO - Optimize for 150 iters with {'c1': 3, 'c2': 0.5, 'w': 0.9}
2025-03-20 11:08:18,418 - pyswarms.single.global_best - INFO - Optimization finished | best cost: 0.25805121660232544, best pos: [    -165.01       4.261      1.2942      1.0002]
2025-03-20 11:08:23,415 - pyswarms.single.global_best - INFO - Optimize for 150 iters with {'c1': 3, 'c2': 0.5, 'w': 0.9}
2025-03-20 11:08:25,304 - pyswarms.single.global_best - INFO - Optimization finished | best cost: 0.26722002029418945, best pos: [     -175.2      2.1957         1.3      1.0147]
2025-03-20 11:08:30,342 - pyswarms.single.global_best - INFO - Optimize for 150 iters with {'c1': 3, 'c2': 0.5, 'w': 0.9}
2025-03-20 11:08:32,249 - pyswarms.single.global_best - INFO - Optimization finished | best cost: 0.27557826042175293, best pos: [    -173.64          10         1.3     0.97896]
2025-03-20 11:08:37,172 - pyswarms.single.global_best - INFO - Optimize for 150 iters with {'c1': 3, 'c2': 0.5, 'w': 0.9}
2025-03-20 11:08:39,052 - pyswarms.single.global_best - INFO - Optimization finished | best cost: 0.35079628229141235, best pos: [    -178.46      9.4832         1.3     0.99031]
2025-03-20 11:08:44,039 - pyswarms.single.global_best - INFO - Optimize for 150 iters with {'c1': 3, 'c2': 0.5, 'w': 0.9}
2025-03-20 11:08:45,939 - pyswarms.single.global_best - INFO - Optimization finished | best cost: 0.23378974199295044, best pos: [    -180.85          10         1.3     0.98229]
2025-03-20 11:08:51,004 - pyswarms.single.global_best - INFO - Optimize for 150 iters with {'c1': 3, 'c2': 0.5, 'w': 0.9}
2025-03-20 11:08:52,916 - pyswarms.single.global_best - INFO - Optimization finished | best cost: 0.23516736924648285, best pos: [    -175.47     -7.5421      1.2906      1.0294]
2025-03-20 11:08:58,621 - pyswarms.single.global_best - INFO - Optimize for 150 iters with {'c1': 3, 'c2': 0.5, 'w': 0.9}
2025-03-20 11:09:00,823 - pyswarms.single.global_best - INFO - Optimization finished | best cost: 0.34990912675857544, best pos: [    -165.57          10         1.3     0.99164]
2025-03-20 11:09:05,722 - pyswarms.single.global_best - INFO - Optimize for 150 iters with {'c1': 3, 'c2': 0.5, 'w': 0.9}
2025-03-20 11:09:07,532 - pyswarms.single.global_best - INFO - Optimization finished | best cost: 0.2884620130062103, best pos: [    -174.95      4.9178      1.2911     0.99275]
2025-03-20 11:09:12,152 - pyswarms.single.global_best - INFO - Optimize for 150 iters with {'c1': 3, 'c2': 0.5, 'w': 0.9}
2025-03-20 11:09:13,989 - pyswarms.single.global_best - INFO - Optimization finished | best cost: 0.28048670291900635, best pos: [    -158.49      7.5033      1.2666     0.99063]
2025-03-20 11:09:19,449 - pyswarms.single.global_best - INFO - Optimize for 150 iters with {'c1': 3, 'c2': 0.5, 'w': 0.9}
2025-03-20 11:09:21,294 - pyswarms.single.global_best - INFO - Optimization finished | best cost: 0.19680757820606232, best pos: [    -188.03      5.1586         1.3      1.0011]
2025-03-20 11:09:32,420 - pyswarms.single.global_best - INFO - Optimize for 150 iters with {'c1': 3, 'c2': 0.5, 'w': 0.9}
2025-03-20 11:09:34,330 - pyswarms.single.global_best - INFO - Optimization finished | best cost: 0.5599973797798157, best pos: [     24.911     -7.8862      1.0054     0.85402]
2025-03-20 11:09:37,573 - pyswarms.single.global_best - INFO - Optimize for 150 iters with {'c1': 3, 'c2': 0.5, 'w': 0.9}
2025-03-20 11:09:39,473 - pyswarms.single.global_best - INFO - Optimization finished | best cost: 0.4693129360675812, best pos: [     28.885      -6.601     0.99019     0.84984]
2025-03-20 11:09:43,825 - pyswarms.single.global_best - INFO - Optimize for 150 iters with {'c1': 3, 'c2': 0.5, 'w': 0.9}
2025-03-20 11:09:45,738 - pyswarms.single.global_best - INFO - Optimization finished | best cost: 0.6347898840904236, best pos: [     35.402         -10     0.97261     0.77409]
2025-03-20 11:09:50,673 - pyswarms.single.global_best - INFO - Optimize for 150 iters with {'c1': 3, 'c2': 0.5, 'w': 0.9}
2025-03-20 11:09:52,586 - pyswarms.single.global_best - INFO - Optimization finished | best cost: 0.5680336356163025, best pos: [     17.897     -8.9987       1.017     0.85112]
2025-03-20 11:09:56,299 - pyswarms.single.global_best - INFO - Optimize for 150 iters with {'c1': 3, 'c2': 0.5, 'w': 0.9}
2025-03-20 11:09:58,146 - pyswarms.single.global_best - INFO - Optimization finished | best cost: 0.3204202353954315, best pos: [     25.488     -5.9936     0.99637     0.88916]
2025-03-20 11:10:01,958 - pyswarms.single.global_best - INFO - Optimize for 150 iters with {'c1': 3, 'c2': 0.5, 'w': 0.9}
2025-03-20 11:10:03,785 - pyswarms.single.global_best - INFO - Optimization finished | best cost: 0.5712977051734924, best pos: [      21.74     -9.3581      1.0127      0.8785]
2025-03-20 11:10:12,925 - pyswarms.single.global_best - INFO - Optimize for 150 iters with {'c1': 3, 'c2': 0.5, 'w': 0.9}
2025-03-20 11:10:14,673 - pyswarms.single.global_best - INFO - Optimization finished | best cost: 0.5382601618766785, best pos: [     22.585     -6.2573      1.0094     0.77621]
2025-03-20 11:10:18,320 - pyswarms.single.global_best - INFO - Optimize for 150 iters with {'c1': 3, 'c2': 0.5, 'w': 0.9}
2025-03-20 11:10:20,191 - pyswarms.single.global_best - INFO - Optimization finished | best cost: 0.5272460579872131, best pos: [     17.965     -9.9364     0.99166     0.78862]
2025-03-20 11:10:27,940 - pyswarms.single.global_best - INFO - Optimize for 150 iters with {'c1': 3, 'c2': 0.5, 'w': 0.9}
2025-03-20 11:10:29,751 - pyswarms.single.global_best - INFO - Optimization finished | best cost: 0.3620224595069885, best pos: [     21.167     -6.7136       1.018     0.74151]
2025-03-20 11:10:36,412 - pyswarms.single.global_best - INFO - Optimize for 150 iters with {'c1': 3, 'c2': 0.5, 'w': 0.9}
2025-03-20 11:10:38,212 - pyswarms.single.global_best - INFO - Optimization finished | best cost: 0.37553486227989197, best pos: [     19.634     -8.6782      1.0411     0.78593]
2025-03-20 11:10:58,003 - pyswarms.single.global_best - INFO - Optimize for 150 iters with {'c1': 3, 'c2': 0.5, 'w': 0.9}
2025-03-20 11:10:59,848 - pyswarms.single.global_best - INFO - Optimization finished | best cost: 0.16257244348526, best pos: [    -169.27     -3.3812      1.2461      1.0413]
2025-03-20 11:11:02,611 - pyswarms.single.global_best - INFO - Optimize for 150 iters with {'c1': 3, 'c2': 0.5, 'w': 0.9}
2025-03-20 11:11:04,448 - pyswarms.single.global_best - INFO - Optimization finished | best cost: 0.16133250296115875, best pos: [    -171.85     -2.2319      1.2771      1.0102]
2025-03-20 11:11:09,036 - pyswarms.single.global_best - INFO - Optimize for 150 iters with {'c1': 3, 'c2': 0.5, 'w': 0.9}
2025-03-20 11:11:11,448 - pyswarms.single.global_best - INFO - Optimization finished | best cost: 0.4430706202983856, best pos: [    -169.09     -7.4872      1.2636      1.0466]
2025-03-20 11:11:16,532 - pyswarms.single.global_best - INFO - Optimize for 150 iters with {'c1': 3, 'c2': 0.5, 'w': 0.9}
2025-03-20 11:11:18,345 - pyswarms.single.global_best - INFO - Optimization finished | best cost: 0.4427500367164612, best pos: [    -174.18     -3.2888      1.2908      1.0235]
2025-03-20 11:11:23,321 - pyswarms.single.global_best - INFO - Optimize for 150 iters with {'c1': 3, 'c2': 0.5, 'w': 0.9}
2025-03-20 11:11:25,046 - pyswarms.single.global_best - INFO - Optimization finished | best cost: 0.47844067215919495, best pos: [    -173.28      6.9725      1.2986     0.99126]
2025-03-20 11:11:29,601 - pyswarms.single.global_best - INFO - Optimize for 150 iters with {'c1': 3, 'c2': 0.5, 'w': 0.9}
2025-03-20 11:11:31,463 - pyswarms.single.global_best - INFO - Optimization finished | best cost: 0.27289363741874695, best pos: [     -181.6      3.6918         1.3      1.0151]
2025-03-20 11:11:35,899 - pyswarms.single.global_best - INFO - Optimize for 150 iters with {'c1': 3, 'c2': 0.5, 'w': 0.9}
2025-03-20 11:11:37,717 - pyswarms.single.global_best - INFO - Optimization finished | best cost: 0.18398794531822205, best pos: [     -178.2     -4.9521      1.2945      1.0341]
2025-03-20 11:11:42,074 - pyswarms.single.global_best - INFO - Optimize for 150 iters with {'c1': 3, 'c2': 0.5, 'w': 0.9}
2025-03-20 11:11:43,920 - pyswarms.single.global_best - INFO - Optimization finished | best cost: 0.21695752441883087, best pos: [    -174.46     -3.5091      1.2791      1.0304]
2025-03-20 11:11:48,480 - pyswarms.single.global_best - INFO - Optimize for 150 iters with {'c1': 3, 'c2': 0.5, 'w': 0.9}
2025-03-20 11:11:50,428 - pyswarms.single.global_best - INFO - Optimization finished | best cost: 0.2881164252758026, best pos: [    -175.41    -0.52553      1.2954      1.0146]
2025-03-20 11:11:54,891 - pyswarms.single.global_best - INFO - Optimize for 150 iters with {'c1': 3, 'c2': 0.5, 'w': 0.9}
2025-03-20 11:11:56,786 - pyswarms.single.global_best - INFO - Optimization finished | best cost: 0.3094137907028198, best pos: [    -179.37      8.1995      1.2984     0.98418]
2025-03-20 11:12:01,173 - pyswarms.single.global_best - INFO - Optimize for 150 iters with {'c1': 3, 'c2': 0.5, 'w': 0.9}
2025-03-20 11:12:03,050 - pyswarms.single.global_best - INFO - Optimization finished | best cost: 0.45602837204933167, best pos: [    -165.96      3.1469      1.2322      1.0149]
2025-03-20 11:12:07,805 - pyswarms.single.global_best - INFO - Optimize for 150 iters with {'c1': 3, 'c2': 0.5, 'w': 0.9}
2025-03-20 11:12:09,754 - pyswarms.single.global_best - INFO - Optimization finished | best cost: 0.4512515068054199, best pos: [    -166.21     -1.8846      1.2533      1.0374]
2025-03-20 11:12:15,015 - pyswarms.single.global_best - INFO - Optimize for 150 iters with {'c1': 3, 'c2': 0.5, 'w': 0.9}
2025-03-20 11:12:16,991 - pyswarms.single.global_best - INFO - Optimization finished | best cost: 0.4595940113067627, best pos: [    -172.59     0.86032      1.2678      1.0159]
2025-03-20 11:12:22,128 - pyswarms.single.global_best - INFO - Optimize for 150 iters with {'c1': 3, 'c2': 0.5, 'w': 0.9}
2025-03-20 11:12:23,970 - pyswarms.single.global_best - INFO - Optimization finished | best cost: 0.326954185962677, best pos: [    -172.12     -5.8226      1.2675      1.0372]
2025-03-20 11:12:28,650 - pyswarms.single.global_best - INFO - Optimize for 150 iters with {'c1': 3, 'c2': 0.5, 'w': 0.9}
2025-03-20 11:12:30,460 - pyswarms.single.global_best - INFO - Optimization finished | best cost: 0.21929506957530975, best pos: [    -175.69      8.4503      1.2851     0.99343]
2025-03-20 11:12:34,570 - pyswarms.single.global_best - INFO - Optimize for 150 iters with {'c1': 3, 'c2': 0.5, 'w': 0.9}
2025-03-20 11:12:36,332 - pyswarms.single.global_best - INFO - Optimization finished | best cost: 0.27375680208206177, best pos: [    -139.18      1.2546      1.1503      1.0047]
2025-03-20 11:12:40,353 - pyswarms.single.global_best - INFO - Optimize for 150 iters with {'c1': 3, 'c2': 0.5, 'w': 0.9}
2025-03-20 11:12:42,217 - pyswarms.single.global_best - INFO - Optimization finished | best cost: 0.4685205817222595, best pos: [     -140.5     -7.1767       1.169      1.0374]
2025-03-20 11:12:46,126 - pyswarms.single.global_best - INFO - Optimize for 150 iters with {'c1': 3, 'c2': 0.5, 'w': 0.9}
2025-03-20 11:12:47,955 - pyswarms.single.global_best - INFO - Optimization finished | best cost: 0.20925919711589813, best pos: [    -163.56     -3.6567      1.2231      1.0287]
2025-03-20 11:12:52,529 - pyswarms.single.global_best - INFO - Optimize for 150 iters with {'c1': 3, 'c2': 0.5, 'w': 0.9}
2025-03-20 11:12:54,328 - pyswarms.single.global_best - INFO - Optimization finished | best cost: 0.3872753381729126, best pos: [    -171.07     0.40258      1.2585      1.0183]
2025-03-20 11:12:58,852 - pyswarms.single.global_best - INFO - Optimize for 150 iters with {'c1': 3, 'c2': 0.5, 'w': 0.9}
2025-03-20 11:13:00,664 - pyswarms.single.global_best - INFO - Optimization finished | best cost: 0.4018874764442444, best pos: [    -180.81     -4.3775      1.2896      1.0361]
2025-03-20 11:13:05,401 - pyswarms.single.global_best - INFO - Optimize for 150 iters with {'c1': 3, 'c2': 0.5, 'w': 0.9}
2025-03-20 11:13:07,264 - pyswarms.single.global_best - INFO - Optimization finished | best cost: 0.382832407951355, best pos: [       -171     -3.8986      1.2676      1.0277]
2025-03-20 11:13:11,692 - pyswarms.single.global_best - INFO - Optimize for 150 iters with {'c1': 3, 'c2': 0.5, 'w': 0.9}
2025-03-20 11:13:13,481 - pyswarms.single.global_best - INFO - Optimization finished | best cost: 0.07512261718511581, best pos: [    -174.82     -7.6715      1.2878      1.0476]
2025-03-20 11:13:17,930 - pyswarms.single.global_best - INFO - Optimize for 150 iters with {'c1': 3, 'c2': 0.5, 'w': 0.9}
2025-03-20 11:13:19,718 - pyswarms.single.global_best - INFO - Optimization finished | best cost: 0.14789551496505737, best pos: [    -144.71      1.5727      1.1868      1.0008]
2025-03-20 11:13:24,097 - pyswarms.single.global_best - INFO - Optimize for 150 iters with {'c1': 3, 'c2': 0.5, 'w': 0.9}
2025-03-20 11:13:25,855 - pyswarms.single.global_best - INFO - Optimization finished | best cost: 0.40211498737335205, best pos: [    -176.74     -8.6119      1.2811      1.0474]
2025-03-20 11:13:32,156 - pyswarms.single.global_best - INFO - Optimize for 150 iters with {'c1': 3, 'c2': 0.5, 'w': 0.9}
2025-03-20 11:13:33,912 - pyswarms.single.global_best - INFO - Optimization finished | best cost: 0.2583305835723877, best pos: [    -175.65     -4.1944      1.2834       1.041]
2025-03-20 11:13:38,963 - pyswarms.single.global_best - INFO - Optimize for 150 iters with {'c1': 3, 'c2': 0.5, 'w': 0.9}
2025-03-20 11:13:40,800 - pyswarms.single.global_best - INFO - Optimization finished | best cost: 0.3085864782333374, best pos: [    -165.62     -7.7522      1.2879      1.0525]
2025-03-20 11:13:45,847 - pyswarms.single.global_best - INFO - Optimize for 150 iters with {'c1': 3, 'c2': 0.5, 'w': 0.9}
2025-03-20 11:13:47,889 - pyswarms.single.global_best - INFO - Optimization finished | best cost: 0.1602153778076172, best pos: [    -172.98     -6.9818      1.2599      1.0474]
2025-03-20 11:13:53,007 - pyswarms.single.global_best - INFO - Optimize for 150 iters with {'c1': 3, 'c2': 0.5, 'w': 0.9}
2025-03-20 11:13:54,942 - pyswarms.single.global_best - INFO - Optimization finished | best cost: 0.2389668971300125, best pos: [    -170.06     -1.1066      1.2809      1.0205]
2025-03-20 11:14:00,077 - pyswarms.single.global_best - INFO - Optimize for 150 iters with {'c1': 3, 'c2': 0.5, 'w': 0.9}
2025-03-20 11:14:02,043 - pyswarms.single.global_best - INFO - Optimization finished | best cost: 0.38366976380348206, best pos: [    -175.01      2.0933        1.28       1.028]
2025-03-20 11:14:07,089 - pyswarms.single.global_best - INFO - Optimize for 150 iters with {'c1': 3, 'c2': 0.5, 'w': 0.9}
2025-03-20 11:14:08,971 - pyswarms.single.global_best - INFO - Optimization finished | best cost: 0.33335885405540466, best pos: [    -170.06     -5.3729      1.2944      1.0372]
2025-03-20 11:14:13,816 - pyswarms.single.global_best - INFO - Optimize for 150 iters with {'c1': 3, 'c2': 0.5, 'w': 0.9}
2025-03-20 11:14:15,651 - pyswarms.single.global_best - INFO - Optimization finished | best cost: 0.25418227910995483, best pos: [    -171.55      7.2173         1.3     0.99578]
2025-03-20 11:14:20,305 - pyswarms.single.global_best - INFO - Optimize for 150 iters with {'c1': 3, 'c2': 0.5, 'w': 0.9}
2025-03-20 11:14:22,154 - pyswarms.single.global_best - INFO - Optimization finished | best cost: 0.2362622320652008, best pos: [    -176.86      1.3806      1.2903      1.0028]
2025-03-20 11:14:26,565 - pyswarms.single.global_best - INFO - Optimize for 150 iters with {'c1': 3, 'c2': 0.5, 'w': 0.9}
2025-03-20 11:14:28,412 - pyswarms.single.global_best - INFO - Optimization finished | best cost: 0.1726626455783844, best pos: [    -180.38     -6.5253         1.3      1.0237]
2025-03-20 11:14:33,087 - pyswarms.single.global_best - INFO - Optimize for 150 iters with {'c1': 3, 'c2': 0.5, 'w': 0.9}
2025-03-20 11:14:34,940 - pyswarms.single.global_best - INFO - Optimization finished | best cost: 0.29960131645202637, best pos: [    -169.31      3.4214      1.2994      1.0186]
2025-03-20 11:14:39,488 - pyswarms.single.global_best - INFO - Optimize for 150 iters with {'c1': 3, 'c2': 0.5, 'w': 0.9}
2025-03-20 11:14:41,380 - pyswarms.single.global_best - INFO - Optimization finished | best cost: 0.3895891010761261, best pos: [    -172.99       8.398      1.2691     0.97872]
2025-03-20 11:14:46,072 - pyswarms.single.global_best - INFO - Optimize for 150 iters with {'c1': 3, 'c2': 0.5, 'w': 0.9}
2025-03-20 11:14:47,990 - pyswarms.single.global_best - INFO - Optimization finished | best cost: 0.24354705214500427, best pos: [    -173.57     -9.1812      1.2855      1.0482]
2025-03-20 11:14:52,116 - pyswarms.single.global_best - INFO - Optimize for 150 iters with {'c1': 3, 'c2': 0.5, 'w': 0.9}
2025-03-20 11:14:53,995 - pyswarms.single.global_best - INFO - Optimization finished | best cost: 0.30743157863616943, best pos: [    -170.83      1.3602      1.2722      1.0038]
2025-03-20 11:14:57,371 - pyswarms.single.global_best - INFO - Optimize for 150 iters with {'c1': 3, 'c2': 0.5, 'w': 0.9}
2025-03-20 11:14:59,230 - pyswarms.single.global_best - INFO - Optimization finished | best cost: 0.10539352893829346, best pos: [    -185.06      2.8729      1.2947      0.9992]
2025-03-20 11:15:02,682 - pyswarms.single.global_best - INFO - Optimize for 150 iters with {'c1': 3, 'c2': 0.5, 'w': 0.9}
2025-03-20 11:15:04,579 - pyswarms.single.global_best - INFO - Optimization finished | best cost: 0.28658628463745117, best pos: [    -168.19      6.8677      1.2679      1.0039]
2025-03-20 11:15:08,719 - pyswarms.single.global_best - INFO - Optimize for 150 iters with {'c1': 3, 'c2': 0.5, 'w': 0.9}
2025-03-20 11:15:10,587 - pyswarms.single.global_best - INFO - Optimization finished | best cost: 0.21670633554458618, best pos: [    -168.97      2.3726      1.2601       1.014]
2025-03-20 11:15:14,652 - pyswarms.single.global_best - INFO - Optimize for 150 iters with {'c1': 3, 'c2': 0.5, 'w': 0.9}
2025-03-20 11:15:16,520 - pyswarms.single.global_best - INFO - Optimization finished | best cost: 0.10185444355010986, best pos: [    -173.94     -6.6286       1.286      1.0479]
2025-03-20 11:15:30,215 - pyswarms.single.global_best - INFO - Optimize for 150 iters with {'c1': 3, 'c2': 0.5, 'w': 0.9}
2025-03-20 11:15:32,006 - pyswarms.single.global_best - INFO - Optimization finished | best cost: 0.5746447443962097, best pos: [    -164.68         -10         1.3      1.0963]
2025-03-20 11:15:39,573 - pyswarms.single.global_best - INFO - Optimize for 150 iters with {'c1': 3, 'c2': 0.5, 'w': 0.9}
2025-03-20 11:15:41,447 - pyswarms.single.global_best - INFO - Optimization finished | best cost: 0.41638627648353577, best pos: [    -176.16     -3.4177      1.2896      1.0302]
2025-03-20 11:15:45,922 - pyswarms.single.global_best - INFO - Optimize for 150 iters with {'c1': 3, 'c2': 0.5, 'w': 0.9}
2025-03-20 11:15:47,794 - pyswarms.single.global_best - INFO - Optimization finished | best cost: 0.17468346655368805, best pos: [    -176.08     -2.6082      1.2918      1.0399]
2025-03-20 11:15:51,938 - pyswarms.single.global_best - INFO - Optimize for 150 iters with {'c1': 3, 'c2': 0.5, 'w': 0.9}
2025-03-20 11:15:53,756 - pyswarms.single.global_best - INFO - Optimization finished | best cost: 0.17786452174186707, best pos: [    -178.58     -3.3729      1.2976      1.0292]
2025-03-20 11:15:58,079 - pyswarms.single.global_best - INFO - Optimize for 150 iters with {'c1': 3, 'c2': 0.5, 'w': 0.9}
2025-03-20 11:15:59,916 - pyswarms.single.global_best - INFO - Optimization finished | best cost: 0.23042592406272888, best pos: [    -179.85       -5.02      1.2845      1.0436]
2025-03-20 11:16:04,049 - pyswarms.single.global_best - INFO - Optimize for 150 iters with {'c1': 3, 'c2': 0.5, 'w': 0.9}
2025-03-20 11:16:05,848 - pyswarms.single.global_best - INFO - Optimization finished | best cost: 0.19453001022338867, best pos: [    -175.33     -4.8035      1.2966      1.0363]
2025-03-20 11:16:13,945 - pyswarms.single.global_best - INFO - Optimize for 150 iters with {'c1': 3, 'c2': 0.5, 'w': 0.9}
2025-03-20 11:16:15,768 - pyswarms.single.global_best - INFO - Optimization finished | best cost: 0.8148611187934875, best pos: [    -132.15     -7.4304      1.2934      1.0483]
2025-03-20 11:16:20,422 - pyswarms.single.global_best - INFO - Optimize for 150 iters with {'c1': 3, 'c2': 0.5, 'w': 0.9}
2025-03-20 11:16:22,242 - pyswarms.single.global_best - INFO - Optimization finished | best cost: 0.18035456538200378, best pos: [    -178.52      1.4395      1.2929      1.0045]
2025-03-20 11:16:26,634 - pyswarms.single.global_best - INFO - Optimize for 150 iters with {'c1': 3, 'c2': 0.5, 'w': 0.9}
2025-03-20 11:16:28,450 - pyswarms.single.global_best - INFO - Optimization finished | best cost: 0.20728063583374023, best pos: [    -180.12     -5.5772         1.3      1.0325]
2025-03-20 11:16:41,526 - pyswarms.single.global_best - INFO - Optimize for 150 iters with {'c1': 3, 'c2': 0.5, 'w': 0.9}
2025-03-20 11:16:43,350 - pyswarms.single.global_best - INFO - Optimization finished | best cost: 0.3067460358142853, best pos: [    -182.77     -1.9886      1.2994      1.0173]
2025-03-20 11:16:47,669 - pyswarms.single.global_best - INFO - Optimize for 150 iters with {'c1': 3, 'c2': 0.5, 'w': 0.9}
2025-03-20 11:16:49,587 - pyswarms.single.global_best - INFO - Optimization finished | best cost: 0.21399587392807007, best pos: [    -148.75      7.0038      1.2382      1.0183]
2025-03-20 11:17:00,893 - pyswarms.single.global_best - INFO - Optimize for 150 iters with {'c1': 3, 'c2': 0.5, 'w': 0.9}
2025-03-20 11:17:02,803 - pyswarms.single.global_best - INFO - Optimization finished | best cost: 0.3782079219818115, best pos: [    -178.26      1.3613       1.293      1.0147]
2025-03-20 11:17:07,280 - pyswarms.single.global_best - INFO - Optimize for 150 iters with {'c1': 3, 'c2': 0.5, 'w': 0.9}
2025-03-20 11:17:09,163 - pyswarms.single.global_best - INFO - Optimization finished | best cost: 0.4513736963272095, best pos: [     -164.7     -6.0158         1.3      1.0256]
2025-03-20 11:17:14,200 - pyswarms.single.global_best - INFO - Optimize for 150 iters with {'c1': 3, 'c2': 0.5, 'w': 0.9}
2025-03-20 11:17:16,073 - pyswarms.single.global_best - INFO - Optimization finished | best cost: 0.47918590903282166, best pos: [    -194.58     0.35663       1.266      1.0181]
2025-03-20 11:17:21,111 - pyswarms.single.global_best - INFO - Optimize for 150 iters with {'c1': 3, 'c2': 0.5, 'w': 0.9}
2025-03-20 11:17:22,988 - pyswarms.single.global_best - INFO - Optimization finished | best cost: 0.54889315366745, best pos: [    -182.54     -9.5673      1.2819      1.0541]
2025-03-20 11:17:29,198 - pyswarms.single.global_best - INFO - Optimize for 150 iters with {'c1': 3, 'c2': 0.5, 'w': 0.9}
2025-03-20 11:17:31,004 - pyswarms.single.global_best - INFO - Optimization finished | best cost: 0.3454313278198242, best pos: [     -180.2         -10         1.3      1.0367]
2025-03-20 11:17:36,234 - pyswarms.single.global_best - INFO - Optimize for 150 iters with {'c1': 3, 'c2': 0.5, 'w': 0.9}
2025-03-20 11:17:38,003 - pyswarms.single.global_best - INFO - Optimization finished | best cost: 0.21888846158981323, best pos: [    -169.82         -10      1.2749      1.0384]
2025-03-20 11:17:42,742 - pyswarms.single.global_best - INFO - Optimize for 150 iters with {'c1': 3, 'c2': 0.5, 'w': 0.9}
2025-03-20 11:17:44,516 - pyswarms.single.global_best - INFO - Optimization finished | best cost: 0.40315231680870056, best pos: [     -171.4     -5.6643         1.3      1.0239]
2025-03-20 11:17:49,271 - pyswarms.single.global_best - INFO - Optimize for 150 iters with {'c1': 3, 'c2': 0.5, 'w': 0.9}
2025-03-20 11:17:50,998 - pyswarms.single.global_best - INFO - Optimization finished | best cost: 0.2152709662914276, best pos: [    -178.31         -10         1.3       1.061]
2025-03-20 11:17:55,762 - pyswarms.single.global_best - INFO - Optimize for 150 iters with {'c1': 3, 'c2': 0.5, 'w': 0.9}
2025-03-20 11:17:57,603 - pyswarms.single.global_best - INFO - Optimization finished | best cost: 0.19471518695354462, best pos: [    -173.26     -1.1361      1.2983      1.0077]
2025-03-20 11:18:02,250 - pyswarms.single.global_best - INFO - Optimize for 150 iters with {'c1': 3, 'c2': 0.5, 'w': 0.9}
2025-03-20 11:18:04,028 - pyswarms.single.global_best - INFO - Optimization finished | best cost: 0.37619614601135254, best pos: [    -166.64      2.1826      1.2802      1.0069]
2025-03-20 11:18:08,587 - pyswarms.single.global_best - INFO - Optimize for 150 iters with {'c1': 3, 'c2': 0.5, 'w': 0.9}
2025-03-20 11:18:10,435 - pyswarms.single.global_best - INFO - Optimization finished | best cost: 0.3009888827800751, best pos: [    -177.28     -7.6512      1.2978       1.037]
2025-03-20 11:18:14,934 - pyswarms.single.global_best - INFO - Optimize for 150 iters with {'c1': 3, 'c2': 0.5, 'w': 0.9}
2025-03-20 11:18:16,777 - pyswarms.single.global_best - INFO - Optimization finished | best cost: 0.3392096757888794, best pos: [    -170.23         -10         1.3      1.0495]
2025-03-20 11:18:21,067 - pyswarms.single.global_best - INFO - Optimize for 150 iters with {'c1': 3, 'c2': 0.5, 'w': 0.9}
2025-03-20 11:18:22,832 - pyswarms.single.global_best - INFO - Optimization finished | best cost: 0.270256370306015, best pos: [    -170.32      2.1952      1.2959      1.0055]
2025-03-20 11:18:27,519 - pyswarms.single.global_best - INFO - Optimize for 150 iters with {'c1': 3, 'c2': 0.5, 'w': 0.9}
2025-03-20 11:18:29,363 - pyswarms.single.global_best - INFO - Optimization finished | best cost: 0.3613411486148834, best pos: [    -173.65     -7.9441       1.297      1.0355]
2025-03-20 11:18:34,090 - pyswarms.single.global_best - INFO - Optimize for 150 iters with {'c1': 3, 'c2': 0.5, 'w': 0.9}
2025-03-20 11:18:35,967 - pyswarms.single.global_best - INFO - Optimization finished | best cost: 0.45884522795677185, best pos: [    -178.81    -0.27322         1.3      1.0302]
2025-03-20 11:18:40,780 - pyswarms.single.global_best - INFO - Optimize for 150 iters with {'c1': 3, 'c2': 0.5, 'w': 0.9}
2025-03-20 11:18:42,646 - pyswarms.single.global_best - INFO - Optimization finished | best cost: 0.3370262384414673, best pos: [    -174.38      3.0457      1.2857      1.0107]
2025-03-20 11:18:47,947 - pyswarms.single.global_best - INFO - Optimize for 150 iters with {'c1': 3, 'c2': 0.5, 'w': 0.9}
2025-03-20 11:18:49,758 - pyswarms.single.global_best - INFO - Optimization finished | best cost: 0.20603036880493164, best pos: [    -170.21         -10         1.3      1.0463]
2025-03-20 11:18:55,986 - pyswarms.single.global_best - INFO - Optimize for 150 iters with {'c1': 3, 'c2': 0.5, 'w': 0.9}
2025-03-20 11:18:57,749 - pyswarms.single.global_best - INFO - Optimization finished | best cost: 0.2704882323741913, best pos: [    -177.35      6.1396      1.2982     0.99799]
2025-03-20 11:19:03,427 - pyswarms.single.global_best - INFO - Optimize for 150 iters with {'c1': 3, 'c2': 0.5, 'w': 0.9}
2025-03-20 11:19:05,272 - pyswarms.single.global_best - INFO - Optimization finished | best cost: 0.2277345210313797, best pos: [    -173.97      -3.039      1.2946      1.0306]
2025-03-20 11:19:10,152 - pyswarms.single.global_best - INFO - Optimize for 150 iters with {'c1': 3, 'c2': 0.5, 'w': 0.9}
2025-03-20 11:19:11,961 - pyswarms.single.global_best - INFO - Optimization finished | best cost: 0.2882714569568634, best pos: [    -175.53         -10         1.3      1.0537]
2025-03-20 11:19:17,115 - pyswarms.single.global_best - INFO - Optimize for 150 iters with {'c1': 3, 'c2': 0.5, 'w': 0.9}
2025-03-20 11:19:18,969 - pyswarms.single.global_best - INFO - Optimization finished | best cost: 0.23664359748363495, best pos: [    -171.76      2.2857      1.2881      1.0124]
2025-03-20 11:19:24,035 - pyswarms.single.global_best - INFO - Optimize for 150 iters with {'c1': 3, 'c2': 0.5, 'w': 0.9}
2025-03-20 11:19:25,861 - pyswarms.single.global_best - INFO - Optimization finished | best cost: 0.23098814487457275, best pos: [    -176.24      5.1224      1.2916      0.9959]
2025-03-20 11:19:30,508 - pyswarms.single.global_best - INFO - Optimize for 150 iters with {'c1': 3, 'c2': 0.5, 'w': 0.9}
2025-03-20 11:19:32,347 - pyswarms.single.global_best - INFO - Optimization finished | best cost: 0.23316319286823273, best pos: [    -177.16    -0.28896      1.2932      1.0154]
2025-03-20 11:19:37,954 - pyswarms.single.global_best - INFO - Optimize for 150 iters with {'c1': 3, 'c2': 0.5, 'w': 0.9}
2025-03-20 11:19:39,834 - pyswarms.single.global_best - INFO - Optimization finished | best cost: 0.16393451392650604, best pos: [    -175.94     0.76847      1.2895       1.016]
2025-03-20 11:19:44,413 - pyswarms.single.global_best - INFO - Optimize for 150 iters with {'c1': 3, 'c2': 0.5, 'w': 0.9}
2025-03-20 11:19:46,212 - pyswarms.single.global_best - INFO - Optimization finished | best cost: 0.15301953256130219, best pos: [    -168.25      8.9713      1.2778     0.99083]
2025-03-20 11:19:50,678 - pyswarms.single.global_best - INFO - Optimize for 150 iters with {'c1': 3, 'c2': 0.5, 'w': 0.9}
2025-03-20 11:19:52,540 - pyswarms.single.global_best - INFO - Optimization finished | best cost: 0.16797387599945068, best pos: [    -174.77      6.5185      1.2909      1.0007]
2025-03-20 11:19:56,961 - pyswarms.single.global_best - INFO - Optimize for 150 iters with {'c1': 3, 'c2': 0.5, 'w': 0.9}
2025-03-20 11:19:58,706 - pyswarms.single.global_best - INFO - Optimization finished | best cost: 0.3079184293746948, best pos: [    -177.22     -2.3796      1.2963       1.015]
2025-03-20 11:20:04,295 - pyswarms.single.global_best - INFO - Optimize for 150 iters with {'c1': 3, 'c2': 0.5, 'w': 0.9}
2025-03-20 11:20:06,132 - pyswarms.single.global_best - INFO - Optimization finished | best cost: 0.21063117682933807, best pos: [    -192.06      8.9401         1.3      0.9839]
2025-03-20 11:20:11,130 - pyswarms.single.global_best - INFO - Optimize for 150 iters with {'c1': 3, 'c2': 0.5, 'w': 0.9}
2025-03-20 11:20:12,991 - pyswarms.single.global_best - INFO - Optimization finished | best cost: 0.38879749178886414, best pos: [    -173.86         -10         1.3      1.0503]
2025-03-20 11:20:18,126 - pyswarms.single.global_best - INFO - Optimize for 150 iters with {'c1': 3, 'c2': 0.5, 'w': 0.9}
2025-03-20 11:20:19,929 - pyswarms.single.global_best - INFO - Optimization finished | best cost: 0.27871009707450867, best pos: [     -179.5      4.4494      1.2958      0.9966]
2025-03-20 11:20:24,770 - pyswarms.single.global_best - INFO - Optimize for 150 iters with {'c1': 3, 'c2': 0.5, 'w': 0.9}
2025-03-20 11:20:26,538 - pyswarms.single.global_best - INFO - Optimization finished | best cost: 0.31267616152763367, best pos: [    -185.35     -7.4987      1.2995      1.0429]
2025-03-20 11:20:32,010 - pyswarms.single.global_best - INFO - Optimize for 150 iters with {'c1': 3, 'c2': 0.5, 'w': 0.9}
2025-03-20 11:20:33,718 - pyswarms.single.global_best - INFO - Optimization finished | best cost: 0.2637102007865906, best pos: [    -173.73      1.1676      1.2963      1.0152]
2025-03-20 11:20:38,583 - pyswarms.single.global_best - INFO - Optimize for 150 iters with {'c1': 3, 'c2': 0.5, 'w': 0.9}
2025-03-20 11:20:40,502 - pyswarms.single.global_best - INFO - Optimization finished | best cost: 0.24805393815040588, best pos: [    -180.81         -10         1.3      1.0316]
2025-03-20 11:20:45,741 - pyswarms.single.global_best - INFO - Optimize for 150 iters with {'c1': 3, 'c2': 0.5, 'w': 0.9}
2025-03-20 11:20:47,557 - pyswarms.single.global_best - INFO - Optimization finished | best cost: 0.2723449766635895, best pos: [    -171.48      2.8661      1.2608      1.0014]
2025-03-20 11:20:52,326 - pyswarms.single.global_best - INFO - Optimize for 150 iters with {'c1': 3, 'c2': 0.5, 'w': 0.9}
2025-03-20 11:20:54,236 - pyswarms.single.global_best - INFO - Optimization finished | best cost: 0.4322998821735382, best pos: [    -170.98      8.1963      1.2981     0.99008]
2025-03-20 11:20:59,802 - pyswarms.single.global_best - INFO - Optimize for 150 iters with {'c1': 3, 'c2': 0.5, 'w': 0.9}
2025-03-20 11:21:01,585 - pyswarms.single.global_best - INFO - Optimization finished | best cost: 0.2115205079317093, best pos: [    -156.42       5.117      1.2984     0.98984]
2025-03-20 11:21:06,870 - pyswarms.single.global_best - INFO - Optimize for 150 iters with {'c1': 3, 'c2': 0.5, 'w': 0.9}
2025-03-20 11:21:08,643 - pyswarms.single.global_best - INFO - Optimization finished | best cost: 0.3655264377593994, best pos: [    -168.01      4.7289      1.2627      1.0008]
2025-03-20 11:21:19,910 - pyswarms.single.global_best - INFO - Optimize for 150 iters with {'c1': 3, 'c2': 0.5, 'w': 0.9}
2025-03-20 11:21:21,675 - pyswarms.single.global_best - INFO - Optimization finished | best cost: 0.24033835530281067, best pos: [     16.772      2.4175      1.0229     0.81155]
2025-03-20 11:21:24,503 - pyswarms.single.global_best - INFO - Optimize for 150 iters with {'c1': 3, 'c2': 0.5, 'w': 0.9}
2025-03-20 11:21:26,421 - pyswarms.single.global_best - INFO - Optimization finished | best cost: 0.29485416412353516, best pos: [     20.289      -8.275      1.0101     0.83483]
2025-03-20 11:21:30,930 - pyswarms.single.global_best - INFO - Optimize for 150 iters with {'c1': 3, 'c2': 0.5, 'w': 0.9}
2025-03-20 11:21:32,872 - pyswarms.single.global_best - INFO - Optimization finished | best cost: 0.27762433886528015, best pos: [     17.205     -6.4713       1.021     0.82745]
2025-03-20 11:21:37,752 - pyswarms.single.global_best - INFO - Optimize for 150 iters with {'c1': 3, 'c2': 0.5, 'w': 0.9}
2025-03-20 11:21:39,707 - pyswarms.single.global_best - INFO - Optimization finished | best cost: 0.3125975430011749, best pos: [     20.738     -7.9303      1.0103     0.84377]
2025-03-20 11:21:44,075 - pyswarms.single.global_best - INFO - Optimize for 150 iters with {'c1': 3, 'c2': 0.5, 'w': 0.9}
2025-03-20 11:21:46,009 - pyswarms.single.global_best - INFO - Optimization finished | best cost: 0.44882556796073914, best pos: [     17.553      1.4317      1.0159     0.79455]
2025-03-20 11:21:50,373 - pyswarms.single.global_best - INFO - Optimize for 150 iters with {'c1': 3, 'c2': 0.5, 'w': 0.9}
2025-03-20 11:21:52,231 - pyswarms.single.global_best - INFO - Optimization finished | best cost: 0.31464695930480957, best pos: [     17.216       -7.09      1.0219     0.82554]
2025-03-20 11:21:56,582 - pyswarms.single.global_best - INFO - Optimize for 150 iters with {'c1': 3, 'c2': 0.5, 'w': 0.9}
2025-03-20 11:21:58,531 - pyswarms.single.global_best - INFO - Optimization finished | best cost: 0.34419843554496765, best pos: [     18.658    -0.81266       1.019      0.8334]
2025-03-20 11:22:03,415 - pyswarms.single.global_best - INFO - Optimize for 150 iters with {'c1': 3, 'c2': 0.5, 'w': 0.9}
2025-03-20 11:22:05,268 - pyswarms.single.global_best - INFO - Optimization finished | best cost: 0.4846997559070587, best pos: [     16.159     -4.1871      1.0187     0.82304]
2025-03-20 11:22:10,335 - pyswarms.single.global_best - INFO - Optimize for 150 iters with {'c1': 3, 'c2': 0.5, 'w': 0.9}
2025-03-20 11:22:12,181 - pyswarms.single.global_best - INFO - Optimization finished | best cost: 0.5073935985565186, best pos: [     17.997     -8.3729      1.0069     0.85183]
2025-03-20 11:22:17,470 - pyswarms.single.global_best - INFO - Optimize for 150 iters with {'c1': 3, 'c2': 0.5, 'w': 0.9}
2025-03-20 11:22:19,387 - pyswarms.single.global_best - INFO - Optimization finished | best cost: 0.41660255193710327, best pos: [     20.047      -8.338      1.0107     0.84411]
2025-03-20 11:22:24,540 - pyswarms.single.global_best - INFO - Optimize for 150 iters with {'c1': 3, 'c2': 0.5, 'w': 0.9}
2025-03-20 11:22:27,058 - pyswarms.single.global_best - INFO - Optimization finished | best cost: 0.37415990233421326, best pos: [     13.861     -6.4183       1.028     0.84984]
2025-03-20 11:22:33,307 - pyswarms.single.global_best - INFO - Optimize for 150 iters with {'c1': 3, 'c2': 0.5, 'w': 0.9}
2025-03-20 11:22:34,974 - pyswarms.single.global_best - INFO - Optimization finished | best cost: 0.31811022758483887, best pos: [     16.347     -7.1005       1.021     0.85875]
2025-03-20 11:22:40,838 - pyswarms.single.global_best - INFO - Optimize for 150 iters with {'c1': 3, 'c2': 0.5, 'w': 0.9}
2025-03-20 11:22:42,736 - pyswarms.single.global_best - INFO - Optimization finished | best cost: 0.35303208231925964, best pos: [     14.544     -5.4747      1.0327     0.87613]
2025-03-20 11:22:48,211 - pyswarms.single.global_best - INFO - Optimize for 150 iters with {'c1': 3, 'c2': 0.5, 'w': 0.9}
2025-03-20 11:22:50,304 - pyswarms.single.global_best - INFO - Optimization finished | best cost: 0.3591341972351074, best pos: [     18.958     -6.6013      1.0198     0.85139]
2025-03-20 11:22:56,361 - pyswarms.single.global_best - INFO - Optimize for 150 iters with {'c1': 3, 'c2': 0.5, 'w': 0.9}
2025-03-20 11:22:58,149 - pyswarms.single.global_best - INFO - Optimization finished | best cost: 0.38249537348747253, best pos: [     19.483     -9.0553      1.0163     0.85544]
2025-03-20 11:23:04,043 - pyswarms.single.global_best - INFO - Optimize for 150 iters with {'c1': 3, 'c2': 0.5, 'w': 0.9}
2025-03-20 11:23:06,414 - pyswarms.single.global_best - INFO - Optimization finished | best cost: 0.37181541323661804, best pos: [     16.475     -9.5751      1.0261     0.84553]
2025-03-20 11:23:12,610 - pyswarms.single.global_best - INFO - Optimize for 150 iters with {'c1': 3, 'c2': 0.5, 'w': 0.9}
2025-03-20 11:23:14,398 - pyswarms.single.global_best - INFO - Optimization finished | best cost: 0.3990202248096466, best pos: [     11.129     -8.8355      1.0478        0.86]
2025-03-20 11:23:20,532 - pyswarms.single.global_best - INFO - Optimize for 150 iters with {'c1': 3, 'c2': 0.5, 'w': 0.9}
2025-03-20 11:23:22,582 - pyswarms.single.global_best - INFO - Optimization finished | best cost: 0.522506833076477, best pos: [     19.568     -9.1491      1.0167     0.86021]
2025-03-20 11:23:27,664 - pyswarms.single.global_best - INFO - Optimize for 150 iters with {'c1': 3, 'c2': 0.5, 'w': 0.9}
2025-03-20 11:23:29,653 - pyswarms.single.global_best - INFO - Optimization finished | best cost: 0.4330008625984192, best pos: [     20.562     -9.5088      1.0146     0.82482]
2025-03-20 11:23:34,692 - pyswarms.single.global_best - INFO - Optimize for 150 iters with {'c1': 3, 'c2': 0.5, 'w': 0.9}
2025-03-20 11:23:36,613 - pyswarms.single.global_best - INFO - Optimization finished | best cost: 0.5621111392974854, best pos: [     15.619     -8.3974      1.0148     0.81654]
2025-03-20 11:23:41,301 - pyswarms.single.global_best - INFO - Optimize for 150 iters with {'c1': 3, 'c2': 0.5, 'w': 0.9}
2025-03-20 11:23:43,206 - pyswarms.single.global_best - INFO - Optimization finished | best cost: 0.6321945786476135, best pos: [      18.04     -9.8798       1.015     0.77783]
2025-03-20 11:23:47,411 - pyswarms.single.global_best - INFO - Optimize for 150 iters with {'c1': 3, 'c2': 0.5, 'w': 0.9}
2025-03-20 11:23:49,638 - pyswarms.single.global_best - INFO - Optimization finished | best cost: 0.5978536009788513, best pos: [     22.835     -5.9376      1.0021      0.7995]
2025-03-20 11:23:54,718 - pyswarms.single.global_best - INFO - Optimize for 150 iters with {'c1': 3, 'c2': 0.5, 'w': 0.9}
2025-03-20 11:23:56,526 - pyswarms.single.global_best - INFO - Optimization finished | best cost: 0.5976992845535278, best pos: [      17.45     -9.4124      1.0225     0.80778]
2025-03-20 11:24:02,126 - pyswarms.single.global_best - INFO - Optimize for 150 iters with {'c1': 3, 'c2': 0.5, 'w': 0.9}
2025-03-20 11:24:03,982 - pyswarms.single.global_best - INFO - Optimization finished | best cost: 0.5108210444450378, best pos: [     15.946     -1.9817      1.0236     0.77336]
2025-03-20 11:24:09,506 - pyswarms.single.global_best - INFO - Optimize for 150 iters with {'c1': 3, 'c2': 0.5, 'w': 0.9}
2025-03-20 11:24:11,361 - pyswarms.single.global_best - INFO - Optimization finished | best cost: 0.6295642852783203, best pos: [     9.1532     -5.3506      1.0532     0.76312]
2025-03-20 11:24:15,910 - pyswarms.single.global_best - INFO - Optimize for 150 iters with {'c1': 3, 'c2': 0.5, 'w': 0.9}
2025-03-20 11:24:17,712 - pyswarms.single.global_best - INFO - Optimization finished | best cost: 0.45762941241264343, best pos: [     14.211     -8.9421      1.0281     0.82224]
2025-03-20 11:24:21,333 - pyswarms.single.global_best - INFO - Optimize for 150 iters with {'c1': 3, 'c2': 0.5, 'w': 0.9}
2025-03-20 11:24:23,099 - pyswarms.single.global_best - INFO - Optimization finished | best cost: 0.49939146637916565, best pos: [     19.561     -8.5272      1.0117      0.7632]
2025-03-20 11:24:28,512 - pyswarms.single.global_best - INFO - Optimize for 150 iters with {'c1': 3, 'c2': 0.5, 'w': 0.9}
2025-03-20 11:24:30,316 - pyswarms.single.global_best - INFO - Optimization finished | best cost: 0.5398848056793213, best pos: [     12.199     -8.7686      1.0302     0.78264]
2025-03-20 11:24:35,374 - pyswarms.single.global_best - INFO - Optimize for 150 iters with {'c1': 3, 'c2': 0.5, 'w': 0.9}
2025-03-20 11:24:37,239 - pyswarms.single.global_best - INFO - Optimization finished | best cost: 0.514702558517456, best pos: [     6.7982     -8.4265      1.0477      0.8014]
2025-03-20 11:24:42,516 - pyswarms.single.global_best - INFO - Optimize for 150 iters with {'c1': 3, 'c2': 0.5, 'w': 0.9}
2025-03-20 11:24:44,351 - pyswarms.single.global_best - INFO - Optimization finished | best cost: 0.5781518816947937, best pos: [     14.682     -3.2113      1.0185     0.74763]
2025-03-20 11:24:49,772 - pyswarms.single.global_best - INFO - Optimize for 150 iters with {'c1': 3, 'c2': 0.5, 'w': 0.9}
2025-03-20 11:24:51,568 - pyswarms.single.global_best - INFO - Optimization finished | best cost: 0.5127306580543518, best pos: [     9.4951     -8.9603      1.0485     0.81198]
2025-03-20 11:24:56,317 - pyswarms.single.global_best - INFO - Optimize for 150 iters with {'c1': 3, 'c2': 0.5, 'w': 0.9}
2025-03-20 11:24:58,171 - pyswarms.single.global_best - INFO - Optimization finished | best cost: 0.5215683579444885, best pos: [     8.1088     -3.1993      1.0506     0.81566]
2025-03-20 11:25:02,884 - pyswarms.single.global_best - INFO - Optimize for 150 iters with {'c1': 3, 'c2': 0.5, 'w': 0.9}
2025-03-20 11:25:04,667 - pyswarms.single.global_best - INFO - Optimization finished | best cost: 0.5282627940177917, best pos: [     28.739     -7.7333      0.9886     0.83964]
2025-03-20 11:25:09,271 - pyswarms.single.global_best - INFO - Optimize for 150 iters with {'c1': 3, 'c2': 0.5, 'w': 0.9}
2025-03-20 11:25:11,074 - pyswarms.single.global_best - INFO - Optimization finished | best cost: 0.466739296913147, best pos: [     14.566     -9.3879      1.0248     0.71554]
2025-03-20 11:25:15,947 - pyswarms.single.global_best - INFO - Optimize for 150 iters with {'c1': 3, 'c2': 0.5, 'w': 0.9}
2025-03-20 11:25:17,736 - pyswarms.single.global_best - INFO - Optimization finished | best cost: 0.5749502182006836, best pos: [     22.142     -7.4088      1.0071     0.83761]
2025-03-20 11:25:22,810 - pyswarms.single.global_best - INFO - Optimize for 150 iters with {'c1': 3, 'c2': 0.5, 'w': 0.9}
2025-03-20 11:25:24,575 - pyswarms.single.global_best - INFO - Optimization finished | best cost: 0.5436829924583435, best pos: [     12.252     -1.2736      1.0358     0.82299]
2025-03-20 11:25:29,341 - pyswarms.single.global_best - INFO - Optimize for 150 iters with {'c1': 3, 'c2': 0.5, 'w': 0.9}
2025-03-20 11:25:31,032 - pyswarms.single.global_best - INFO - Optimization finished | best cost: 0.45020580291748047, best pos: [    -3.9825     -8.1599      1.0861     0.87576]
2025-03-20 11:25:35,704 - pyswarms.single.global_best - INFO - Optimize for 150 iters with {'c1': 3, 'c2': 0.5, 'w': 0.9}
2025-03-20 11:25:37,514 - pyswarms.single.global_best - INFO - Optimization finished | best cost: 0.5647687315940857, best pos: [     14.715     -3.7542      1.0359     0.80498]
2025-03-20 11:25:41,916 - pyswarms.single.global_best - INFO - Optimize for 150 iters with {'c1': 3, 'c2': 0.5, 'w': 0.9}
2025-03-20 11:25:43,659 - pyswarms.single.global_best - INFO - Optimization finished | best cost: 0.4555700123310089, best pos: [     19.593     -8.9337      1.0171     0.84573]
2025-03-20 11:25:48,146 - pyswarms.single.global_best - INFO - Optimize for 150 iters with {'c1': 3, 'c2': 0.5, 'w': 0.9}
2025-03-20 11:25:49,947 - pyswarms.single.global_best - INFO - Optimization finished | best cost: 0.566206157207489, best pos: [     16.184     -9.3492      1.0357     0.83476]
2025-03-20 11:25:54,295 - pyswarms.single.global_best - INFO - Optimize for 150 iters with {'c1': 3, 'c2': 0.5, 'w': 0.9}
2025-03-20 11:25:56,101 - pyswarms.single.global_best - INFO - Optimization finished | best cost: 0.6021970510482788, best pos: [     21.458      3.2003      1.0003     0.80435]
2025-03-20 11:26:00,486 - pyswarms.single.global_best - INFO - Optimize for 150 iters with {'c1': 3, 'c2': 0.5, 'w': 0.9}
2025-03-20 11:26:02,152 - pyswarms.single.global_best - INFO - Optimization finished | best cost: 0.5196467041969299, best pos: [     16.348     0.52298      1.0216     0.82678]
2025-03-20 11:26:07,514 - pyswarms.single.global_best - INFO - Optimize for 150 iters with {'c1': 3, 'c2': 0.5, 'w': 0.9}
2025-03-20 11:26:09,181 - pyswarms.single.global_best - INFO - Optimization finished | best cost: 0.602506160736084, best pos: [     11.932     -8.5764      1.0395     0.77584]
2025-03-20 11:26:14,236 - pyswarms.single.global_best - INFO - Optimize for 150 iters with {'c1': 3, 'c2': 0.5, 'w': 0.9}
2025-03-20 11:26:16,111 - pyswarms.single.global_best - INFO - Optimization finished | best cost: 0.4618007242679596, best pos: [     17.458     -3.2584      1.0143     0.81499]
2025-03-20 11:26:20,992 - pyswarms.single.global_best - INFO - Optimize for 150 iters with {'c1': 3, 'c2': 0.5, 'w': 0.9}
2025-03-20 11:26:22,650 - pyswarms.single.global_best - INFO - Optimization finished | best cost: 0.5144832134246826, best pos: [     17.108    -0.82878      1.0219     0.76733]
2025-03-20 11:26:27,822 - pyswarms.single.global_best - INFO - Optimize for 150 iters with {'c1': 3, 'c2': 0.5, 'w': 0.9}
2025-03-20 11:26:29,500 - pyswarms.single.global_best - INFO - Optimization finished | best cost: 0.49471238255500793, best pos: [     21.241       6.994      1.0102     0.80129]
2025-03-20 11:26:34,920 - pyswarms.single.global_best - INFO - Optimize for 150 iters with {'c1': 3, 'c2': 0.5, 'w': 0.9}
2025-03-20 11:26:36,587 - pyswarms.single.global_best - INFO - Optimization finished | best cost: 0.40000104904174805, best pos: [     19.894      3.2736      1.0109     0.80569]
2025-03-20 11:26:41,669 - pyswarms.single.global_best - INFO - Optimize for 150 iters with {'c1': 3, 'c2': 0.5, 'w': 0.9}
2025-03-20 11:26:43,559 - pyswarms.single.global_best - INFO - Optimization finished | best cost: 0.4721182882785797, best pos: [     18.405     -5.3958      1.0411     0.82824]
2025-03-20 11:26:48,478 - pyswarms.single.global_best - INFO - Optimize for 150 iters with {'c1': 3, 'c2': 0.5, 'w': 0.9}
2025-03-20 11:26:50,349 - pyswarms.single.global_best - INFO - Optimization finished | best cost: 0.3716868758201599, best pos: [     18.655     -8.3907      1.0098      0.8619]
2025-03-20 11:26:55,044 - pyswarms.single.global_best - INFO - Optimize for 150 iters with {'c1': 3, 'c2': 0.5, 'w': 0.9}
2025-03-20 11:26:56,875 - pyswarms.single.global_best - INFO - Optimization finished | best cost: 0.2813340127468109, best pos: [     19.884      -6.358      1.0198     0.86219]
2025-03-20 11:27:01,450 - pyswarms.single.global_best - INFO - Optimize for 150 iters with {'c1': 3, 'c2': 0.5, 'w': 0.9}
2025-03-20 11:27:03,241 - pyswarms.single.global_best - INFO - Optimization finished | best cost: 0.3602222204208374, best pos: [     16.443     -8.1408      1.0393     0.83414]
2025-03-20 11:27:07,883 - pyswarms.single.global_best - INFO - Optimize for 150 iters with {'c1': 3, 'c2': 0.5, 'w': 0.9}
2025-03-20 11:27:09,642 - pyswarms.single.global_best - INFO - Optimization finished | best cost: 0.39215087890625, best pos: [     21.903     -8.8401      1.0158     0.84655]
2025-03-20 11:27:14,522 - pyswarms.single.global_best - INFO - Optimize for 150 iters with {'c1': 3, 'c2': 0.5, 'w': 0.9}
2025-03-20 11:27:16,321 - pyswarms.single.global_best - INFO - Optimization finished | best cost: 0.36678728461265564, best pos: [     18.796     -8.3157      1.0227     0.85483]
2025-03-20 11:27:21,306 - pyswarms.single.global_best - INFO - Optimize for 150 iters with {'c1': 3, 'c2': 0.5, 'w': 0.9}
2025-03-20 11:27:23,093 - pyswarms.single.global_best - INFO - Optimization finished | best cost: 0.42081859707832336, best pos: [     21.092       1.406      1.0139     0.82697]
2025-03-20 11:27:28,122 - pyswarms.single.global_best - INFO - Optimize for 150 iters with {'c1': 3, 'c2': 0.5, 'w': 0.9}
2025-03-20 11:27:29,923 - pyswarms.single.global_best - INFO - Optimization finished | best cost: 0.4054681658744812, best pos: [     16.864      -7.089      1.0207     0.86822]
2025-03-20 11:27:34,983 - pyswarms.single.global_best - INFO - Optimize for 150 iters with {'c1': 3, 'c2': 0.5, 'w': 0.9}
2025-03-20 11:27:36,802 - pyswarms.single.global_best - INFO - Optimization finished | best cost: 0.37025853991508484, best pos: [     21.169     -6.0575       1.015      0.8519]
2025-03-20 11:27:42,227 - pyswarms.single.global_best - INFO - Optimize for 150 iters with {'c1': 3, 'c2': 0.5, 'w': 0.9}
2025-03-20 11:27:44,008 - pyswarms.single.global_best - INFO - Optimization finished | best cost: 0.47640398144721985, best pos: [     13.586     -4.8271      1.0306     0.81144]
2025-03-20 11:27:48,802 - pyswarms.single.global_best - INFO - Optimize for 150 iters with {'c1': 3, 'c2': 0.5, 'w': 0.9}
2025-03-20 11:27:50,611 - pyswarms.single.global_best - INFO - Optimization finished | best cost: 0.4317094385623932, best pos: [     21.845     -9.2095      1.0076     0.86792]
2025-03-20 11:27:56,048 - pyswarms.single.global_best - INFO - Optimize for 150 iters with {'c1': 3, 'c2': 0.5, 'w': 0.9}
2025-03-20 11:27:57,884 - pyswarms.single.global_best - INFO - Optimization finished | best cost: 0.4277191162109375, best pos: [     23.361     -5.0827     0.99158      0.8238]
2025-03-20 11:28:02,767 - pyswarms.single.global_best - INFO - Optimize for 150 iters with {'c1': 3, 'c2': 0.5, 'w': 0.9}
2025-03-20 11:28:04,587 - pyswarms.single.global_best - INFO - Optimization finished | best cost: 0.4976818561553955, best pos: [     16.429     -5.8128      1.0226     0.83408]
2025-03-20 11:28:09,483 - pyswarms.single.global_best - INFO - Optimize for 150 iters with {'c1': 3, 'c2': 0.5, 'w': 0.9}
2025-03-20 11:28:11,387 - pyswarms.single.global_best - INFO - Optimization finished | best cost: 0.4322238564491272, best pos: [     20.274      1.0318     0.99695     0.81535]
2025-03-20 11:28:16,034 - pyswarms.single.global_best - INFO - Optimize for 150 iters with {'c1': 3, 'c2': 0.5, 'w': 0.9}
2025-03-20 11:28:17,909 - pyswarms.single.global_best - INFO - Optimization finished | best cost: 0.39185458421707153, best pos: [     22.029     -9.4856     0.99894     0.86409]
2025-03-20 11:28:22,791 - pyswarms.single.global_best - INFO - Optimize for 150 iters with {'c1': 3, 'c2': 0.5, 'w': 0.9}
2025-03-20 11:28:24,677 - pyswarms.single.global_best - INFO - Optimization finished | best cost: 0.4174492359161377, best pos: [     20.178     -9.5184      1.0166     0.85755]
2025-03-20 11:28:29,781 - pyswarms.single.global_best - INFO - Optimize for 150 iters with {'c1': 3, 'c2': 0.5, 'w': 0.9}
2025-03-20 11:28:31,682 - pyswarms.single.global_best - INFO - Optimization finished | best cost: 0.543254017829895, best pos: [     19.658     -8.6408      1.0164     0.87413]
2025-03-20 11:28:36,626 - pyswarms.single.global_best - INFO - Optimize for 150 iters with {'c1': 3, 'c2': 0.5, 'w': 0.9}
2025-03-20 11:28:38,526 - pyswarms.single.global_best - INFO - Optimization finished | best cost: 0.3706953823566437, best pos: [     17.913     -9.0273      1.0178     0.84821]
2025-03-20 11:28:43,571 - pyswarms.single.global_best - INFO - Optimize for 150 iters with {'c1': 3, 'c2': 0.5, 'w': 0.9}
2025-03-20 11:28:45,422 - pyswarms.single.global_best - INFO - Optimization finished | best cost: 0.46083518862724304, best pos: [     21.687     -7.3472      1.0041      0.8102]
2025-03-20 11:28:50,388 - pyswarms.single.global_best - INFO - Optimize for 150 iters with {'c1': 3, 'c2': 0.5, 'w': 0.9}
2025-03-20 11:28:52,364 - pyswarms.single.global_best - INFO - Optimization finished | best cost: 0.5595871210098267, best pos: [     20.448     -8.1833      1.0148     0.81645]
2025-03-20 11:28:57,192 - pyswarms.single.global_best - INFO - Optimize for 150 iters with {'c1': 3, 'c2': 0.5, 'w': 0.9}
2025-03-20 11:28:59,264 - pyswarms.single.global_best - INFO - Optimization finished | best cost: 0.3253609240055084, best pos: [     17.559     -5.7132      1.0216     0.81181]
2025-03-20 11:29:04,235 - pyswarms.single.global_best - INFO - Optimize for 150 iters with {'c1': 3, 'c2': 0.5, 'w': 0.9}
2025-03-20 11:29:06,156 - pyswarms.single.global_best - INFO - Optimization finished | best cost: 0.3609461784362793, best pos: [     17.319     -5.7895      1.0302     0.81784]
2025-03-20 11:29:14,678 - pyswarms.single.global_best - INFO - Optimize for 150 iters with {'c1': 3, 'c2': 0.5, 'w': 0.9}
2025-03-20 11:29:16,483 - pyswarms.single.global_best - INFO - Optimization finished | best cost: 0.3714185059070587, best pos: [    -160.52      1.9537      1.2787      1.0353]
2025-03-20 11:29:19,618 - pyswarms.single.global_best - INFO - Optimize for 150 iters with {'c1': 3, 'c2': 0.5, 'w': 0.9}
2025-03-20 11:29:21,417 - pyswarms.single.global_best - INFO - Optimization finished | best cost: 0.29146915674209595, best pos: [    -169.28     -1.8144      1.2844      1.0268]
2025-03-20 11:29:26,221 - pyswarms.single.global_best - INFO - Optimize for 150 iters with {'c1': 3, 'c2': 0.5, 'w': 0.9}
2025-03-20 11:29:28,008 - pyswarms.single.global_best - INFO - Optimization finished | best cost: 0.261135995388031, best pos: [    -181.01     -4.1875      1.2966      1.0303]
2025-03-20 11:29:32,685 - pyswarms.single.global_best - INFO - Optimize for 150 iters with {'c1': 3, 'c2': 0.5, 'w': 0.9}
2025-03-20 11:29:34,436 - pyswarms.single.global_best - INFO - Optimization finished | best cost: 0.22609364986419678, best pos: [    -176.38    -0.21614      1.2993      1.0068]
2025-03-20 11:29:39,040 - pyswarms.single.global_best - INFO - Optimize for 150 iters with {'c1': 3, 'c2': 0.5, 'w': 0.9}
2025-03-20 11:29:40,835 - pyswarms.single.global_best - INFO - Optimization finished | best cost: 0.29306870698928833, best pos: [    -154.65     -4.3136      1.2782      1.0236]
2025-03-20 11:29:45,541 - pyswarms.single.global_best - INFO - Optimize for 150 iters with {'c1': 3, 'c2': 0.5, 'w': 0.9}
2025-03-20 11:29:47,360 - pyswarms.single.global_best - INFO - Optimization finished | best cost: 0.21048496663570404, best pos: [    -173.35         -10         1.3      1.0389]
2025-03-20 11:29:52,884 - pyswarms.single.global_best - INFO - Optimize for 150 iters with {'c1': 3, 'c2': 0.5, 'w': 0.9}
2025-03-20 11:29:54,700 - pyswarms.single.global_best - INFO - Optimization finished | best cost: 0.36864596605300903, best pos: [     -173.5     -7.4692      1.2915       1.016]
2025-03-20 11:29:59,911 - pyswarms.single.global_best - INFO - Optimize for 150 iters with {'c1': 3, 'c2': 0.5, 'w': 0.9}
2025-03-20 11:30:01,702 - pyswarms.single.global_best - INFO - Optimization finished | best cost: 0.2239389568567276, best pos: [    -167.63     -8.1789         1.3      1.0245]
2025-03-20 11:30:06,788 - pyswarms.single.global_best - INFO - Optimize for 150 iters with {'c1': 3, 'c2': 0.5, 'w': 0.9}
2025-03-20 11:30:08,783 - pyswarms.single.global_best - INFO - Optimization finished | best cost: 0.2517480254173279, best pos: [     -168.1         -10         1.3      1.0221]
2025-03-20 11:30:14,130 - pyswarms.single.global_best - INFO - Optimize for 150 iters with {'c1': 3, 'c2': 0.5, 'w': 0.9}
2025-03-20 11:30:16,064 - pyswarms.single.global_best - INFO - Optimization finished | best cost: 0.22174032032489777, best pos: [    -169.91      3.2566         1.3      1.0077]
2025-03-20 11:30:21,102 - pyswarms.single.global_best - INFO - Optimize for 150 iters with {'c1': 3, 'c2': 0.5, 'w': 0.9}
2025-03-20 11:30:23,059 - pyswarms.single.global_best - INFO - Optimization finished | best cost: 0.2884995639324188, best pos: [    -159.24     -5.8756       1.288      1.0192]
2025-03-20 11:30:28,508 - pyswarms.single.global_best - INFO - Optimize for 150 iters with {'c1': 3, 'c2': 0.5, 'w': 0.9}
2025-03-20 11:30:30,321 - pyswarms.single.global_best - INFO - Optimization finished | best cost: 0.31586071848869324, best pos: [    -164.28         -10         1.3      1.0351]
2025-03-20 11:30:34,496 - pyswarms.single.global_best - INFO - Optimize for 150 iters with {'c1': 3, 'c2': 0.5, 'w': 0.9}
2025-03-20 11:30:36,204 - pyswarms.single.global_best - INFO - Optimization finished | best cost: 0.36475563049316406, best pos: [    -161.98     -8.7046      1.2967      1.0527]
2025-03-20 11:30:40,254 - pyswarms.single.global_best - INFO - Optimize for 150 iters with {'c1': 3, 'c2': 0.5, 'w': 0.9}
2025-03-20 11:30:42,038 - pyswarms.single.global_best - INFO - Optimization finished | best cost: 0.3896101415157318, best pos: [    -164.57     -8.0416      1.2581      1.0114]
2025-03-20 11:30:50,661 - pyswarms.single.global_best - INFO - Optimize for 150 iters with {'c1': 3, 'c2': 0.5, 'w': 0.9}
2025-03-20 11:30:52,568 - pyswarms.single.global_best - INFO - Optimization finished | best cost: 0.4422146677970886, best pos: [    -174.93     -7.3093         1.3      1.0387]
2025-03-20 11:30:57,605 - pyswarms.single.global_best - INFO - Optimize for 150 iters with {'c1': 3, 'c2': 0.5, 'w': 0.9}
2025-03-20 11:30:59,636 - pyswarms.single.global_best - INFO - Optimization finished | best cost: 0.3363054096698761, best pos: [    -173.23         -10         1.3      1.0691]
2025-03-20 11:31:04,152 - pyswarms.single.global_best - INFO - Optimize for 150 iters with {'c1': 3, 'c2': 0.5, 'w': 0.9}
2025-03-20 11:31:05,965 - pyswarms.single.global_best - INFO - Optimization finished | best cost: 0.27042341232299805, best pos: [    -164.87     0.62732      1.2963      1.0265]
2025-03-20 11:31:14,217 - pyswarms.single.global_best - INFO - Optimize for 150 iters with {'c1': 3, 'c2': 0.5, 'w': 0.9}
2025-03-20 11:31:16,038 - pyswarms.single.global_best - INFO - Optimization finished | best cost: 0.36146625876426697, best pos: [    -108.96      6.2966      1.0541     0.99575]
2025-03-20 11:31:20,407 - pyswarms.single.global_best - INFO - Optimize for 150 iters with {'c1': 3, 'c2': 0.5, 'w': 0.9}
2025-03-20 11:31:22,210 - pyswarms.single.global_best - INFO - Optimization finished | best cost: 0.6282358765602112, best pos: [    -169.08      -5.199     0.89597      1.0062]
2025-03-20 11:31:30,044 - pyswarms.single.global_best - INFO - Optimize for 150 iters with {'c1': 3, 'c2': 0.5, 'w': 0.9}
2025-03-20 11:31:32,165 - pyswarms.single.global_best - INFO - Optimization finished | best cost: 0.23078984022140503, best pos: [    -170.45     -8.2682         1.3      1.0501]
2025-03-20 11:31:37,155 - pyswarms.single.global_best - INFO - Optimize for 150 iters with {'c1': 3, 'c2': 0.5, 'w': 0.9}
2025-03-20 11:31:38,941 - pyswarms.single.global_best - INFO - Optimization finished | best cost: 0.5902690291404724, best pos: [    -164.58     -7.5274      1.2842     0.95985]
2025-03-20 11:31:44,312 - pyswarms.single.global_best - INFO - Optimize for 150 iters with {'c1': 3, 'c2': 0.5, 'w': 0.9}
2025-03-20 11:31:46,156 - pyswarms.single.global_best - INFO - Optimization finished | best cost: 0.2634001076221466, best pos: [    -166.77     -7.2959      1.2961      1.0352]
2025-03-20 11:31:50,668 - pyswarms.single.global_best - INFO - Optimize for 150 iters with {'c1': 3, 'c2': 0.5, 'w': 0.9}
2025-03-20 11:31:52,482 - pyswarms.single.global_best - INFO - Optimization finished | best cost: 0.43870073556900024, best pos: [    -174.47         -10         1.3      1.0464]
2025-03-20 11:31:57,452 - pyswarms.single.global_best - INFO - Optimize for 150 iters with {'c1': 3, 'c2': 0.5, 'w': 0.9}
2025-03-20 11:31:59,285 - pyswarms.single.global_best - INFO - Optimization finished | best cost: 0.3029502332210541, best pos: [    -157.89          10      1.2928     0.95705]
2025-03-20 11:32:03,766 - pyswarms.single.global_best - INFO - Optimize for 150 iters with {'c1': 3, 'c2': 0.5, 'w': 0.9}
2025-03-20 11:32:05,434 - pyswarms.single.global_best - INFO - Optimization finished | best cost: 0.30970704555511475, best pos: [    -171.47      6.5399      1.2979      1.0092]
2025-03-20 11:32:09,496 - pyswarms.single.global_best - INFO - Optimize for 150 iters with {'c1': 3, 'c2': 0.5, 'w': 0.9}
2025-03-20 11:32:11,312 - pyswarms.single.global_best - INFO - Optimization finished | best cost: 0.28489527106285095, best pos: [       -179       -1.91         1.3      1.0169]
2025-03-20 11:32:19,269 - pyswarms.single.global_best - INFO - Optimize for 150 iters with {'c1': 3, 'c2': 0.5, 'w': 0.9}
2025-03-20 11:32:21,115 - pyswarms.single.global_best - INFO - Optimization finished | best cost: 0.1992359459400177, best pos: [     -179.3         -10         1.3      1.0211]
2025-03-20 11:32:25,327 - pyswarms.single.global_best - INFO - Optimize for 150 iters with {'c1': 3, 'c2': 0.5, 'w': 0.9}
2025-03-20 11:32:27,125 - pyswarms.single.global_best - INFO - Optimization finished | best cost: 0.23202916979789734, best pos: [    -181.61     -3.1953         1.3      1.0186]
2025-03-20 11:32:31,288 - pyswarms.single.global_best - INFO - Optimize for 150 iters with {'c1': 3, 'c2': 0.5, 'w': 0.9}
2025-03-20 11:32:33,054 - pyswarms.single.global_best - INFO - Optimization finished | best cost: 0.24928966164588928, best pos: [    -158.22      3.7098      1.2836      1.0049]
2025-03-20 11:32:38,272 - pyswarms.single.global_best - INFO - Optimize for 150 iters with {'c1': 3, 'c2': 0.5, 'w': 0.9}
2025-03-20 11:32:40,076 - pyswarms.single.global_best - INFO - Optimization finished | best cost: 0.3579365313053131, best pos: [    -174.94         -10         1.3      1.0457]
2025-03-20 11:32:45,439 - pyswarms.single.global_best - INFO - Optimize for 150 iters with {'c1': 3, 'c2': 0.5, 'w': 0.9}
2025-03-20 11:32:47,251 - pyswarms.single.global_best - INFO - Optimization finished | best cost: 0.1898449808359146, best pos: [    -169.12     -9.2406         1.3      1.0418]
2025-03-20 11:32:52,193 - pyswarms.single.global_best - INFO - Optimize for 150 iters with {'c1': 3, 'c2': 0.5, 'w': 0.9}
2025-03-20 11:32:54,021 - pyswarms.single.global_best - INFO - Optimization finished | best cost: 0.1998261958360672, best pos: [    -169.41     -0.5258       1.297     0.99618]
2025-03-20 11:32:59,242 - pyswarms.single.global_best - INFO - Optimize for 150 iters with {'c1': 3, 'c2': 0.5, 'w': 0.9}
2025-03-20 11:33:01,067 - pyswarms.single.global_best - INFO - Optimization finished | best cost: 0.19541604816913605, best pos: [    -167.72         -10         1.3      1.0621]
2025-03-20 11:33:05,619 - pyswarms.single.global_best - INFO - Optimize for 150 iters with {'c1': 3, 'c2': 0.5, 'w': 0.9}
2025-03-20 11:33:07,435 - pyswarms.single.global_best - INFO - Optimization finished | best cost: 0.24633260071277618, best pos: [    -174.95     -9.8072      1.2988      1.0432]
2025-03-20 11:33:11,844 - pyswarms.single.global_best - INFO - Optimize for 150 iters with {'c1': 3, 'c2': 0.5, 'w': 0.9}
2025-03-20 11:33:13,682 - pyswarms.single.global_best - INFO - Optimization finished | best cost: 0.18963365256786346, best pos: [    -177.84         -10         1.3      1.0399]
2025-03-20 11:33:17,622 - pyswarms.single.global_best - INFO - Optimize for 150 iters with {'c1': 3, 'c2': 0.5, 'w': 0.9}
2025-03-20 11:33:19,465 - pyswarms.single.global_best - INFO - Optimization finished | best cost: 0.20245195925235748, best pos: [    -170.86         -10         1.3       1.066]
2025-03-20 11:33:24,600 - pyswarms.single.global_best - INFO - Optimize for 150 iters with {'c1': 3, 'c2': 0.5, 'w': 0.9}
2025-03-20 11:33:26,391 - pyswarms.single.global_best - INFO - Optimization finished | best cost: 0.24680927395820618, best pos: [    -55.966     -4.7818      1.0804       1.038]
2025-03-20 15:08:49,822 - pyswarms.single.global_best - INFO - Optimize for 150 iters with {'c1': 3, 'c2': 0.5, 'w': 0.9}
2025-03-20 15:08:51,525 - pyswarms.single.global_best - INFO - Optimization finished | best cost: 0.5607502460479736, best pos: [    -181.09     -7.0504      1.2979      1.1178]
2025-03-20 15:08:54,398 - pyswarms.single.global_best - INFO - Optimize for 150 iters with {'c1': 3, 'c2': 0.5, 'w': 0.9}
2025-03-20 15:08:56,136 - pyswarms.single.global_best - INFO - Optimization finished | best cost: 0.4067830741405487, best pos: [     -177.4     -3.5795      1.2986      1.0483]
2025-03-20 15:09:00,238 - pyswarms.single.global_best - INFO - Optimize for 150 iters with {'c1': 3, 'c2': 0.5, 'w': 0.9}
2025-03-20 15:09:01,934 - pyswarms.single.global_best - INFO - Optimization finished | best cost: 0.41829580068588257, best pos: [    -163.66     -2.8006         1.3      1.0277]
2025-03-20 15:09:06,313 - pyswarms.single.global_best - INFO - Optimize for 150 iters with {'c1': 3, 'c2': 0.5, 'w': 0.9}
2025-03-20 15:09:08,005 - pyswarms.single.global_best - INFO - Optimization finished | best cost: 0.3762853145599365, best pos: [    -168.36      7.4594         1.3      1.0089]
2025-03-20 15:09:12,183 - pyswarms.single.global_best - INFO - Optimize for 150 iters with {'c1': 3, 'c2': 0.5, 'w': 0.9}
2025-03-20 15:09:13,844 - pyswarms.single.global_best - INFO - Optimization finished | best cost: 0.34970831871032715, best pos: [    -170.11          10         1.3     0.98828]
2025-03-20 15:09:19,998 - pyswarms.single.global_best - INFO - Optimize for 150 iters with {'c1': 3, 'c2': 0.5, 'w': 0.9}
2025-03-20 15:09:24,779 - pyswarms.single.global_best - INFO - Optimization finished | best cost: 0.39056387543678284, best pos: [    -167.21      8.0986      1.2999     0.97314]
2025-03-20 15:09:34,887 - pyswarms.single.global_best - INFO - Optimize for 150 iters with {'c1': 3, 'c2': 0.5, 'w': 0.9}
2025-03-20 15:09:39,920 - pyswarms.single.global_best - INFO - Optimization finished | best cost: 0.21678254008293152, best pos: [    -170.74     -5.5998         1.3      1.0223]
2025-03-20 15:09:50,699 - pyswarms.single.global_best - INFO - Optimize for 150 iters with {'c1': 3, 'c2': 0.5, 'w': 0.9}
2025-03-20 15:09:55,329 - pyswarms.single.global_best - INFO - Optimization finished | best cost: 0.3961849510669708, best pos: [     -179.7     -5.3127         1.3      1.0631]
2025-03-20 15:10:07,242 - pyswarms.single.global_best - INFO - Optimize for 150 iters with {'c1': 3, 'c2': 0.5, 'w': 0.9}
2025-03-20 15:10:09,530 - pyswarms.single.global_best - INFO - Optimization finished | best cost: 0.2420000582933426, best pos: [    -176.45     -6.8639      1.2951      1.0238]
2025-03-20 15:10:14,713 - pyswarms.single.global_best - INFO - Optimize for 150 iters with {'c1': 3, 'c2': 0.5, 'w': 0.9}
2025-03-20 15:10:17,031 - pyswarms.single.global_best - INFO - Optimization finished | best cost: 0.3127950429916382, best pos: [    -167.59         -10         1.3      1.0501]
2025-03-20 15:10:26,485 - pyswarms.single.global_best - INFO - Optimize for 150 iters with {'c1': 3, 'c2': 0.5, 'w': 0.9}
2025-03-20 15:10:30,872 - pyswarms.single.global_best - INFO - Optimization finished | best cost: 0.30479371547698975, best pos: [    -169.66         -10         1.3      1.0496]
2025-03-20 15:10:43,580 - pyswarms.single.global_best - INFO - Optimize for 150 iters with {'c1': 3, 'c2': 0.5, 'w': 0.9}
2025-03-20 15:10:47,057 - pyswarms.single.global_best - INFO - Optimization finished | best cost: 0.33843427896499634, best pos: [    -165.43      7.9631      1.2942     0.99362]
2025-03-20 15:10:58,991 - pyswarms.single.global_best - INFO - Optimize for 150 iters with {'c1': 3, 'c2': 0.5, 'w': 0.9}
2025-03-20 15:11:03,079 - pyswarms.single.global_best - INFO - Optimization finished | best cost: 0.2767910361289978, best pos: [    -177.66      1.3032         1.3       1.018]
2025-03-20 15:11:15,649 - pyswarms.single.global_best - INFO - Optimize for 150 iters with {'c1': 3, 'c2': 0.5, 'w': 0.9}
2025-03-20 15:11:20,189 - pyswarms.single.global_best - INFO - Optimization finished | best cost: 0.2785415053367615, best pos: [    -167.15         -10         1.3      1.0589]
2025-03-20 15:11:31,889 - pyswarms.single.global_best - INFO - Optimize for 150 iters with {'c1': 3, 'c2': 0.5, 'w': 0.9}
2025-03-20 15:11:36,569 - pyswarms.single.global_best - INFO - Optimization finished | best cost: 0.34323015809059143, best pos: [     -178.7      -6.694         1.3      1.0379]
2025-03-20 15:11:50,809 - pyswarms.single.global_best - INFO - Optimize for 150 iters with {'c1': 3, 'c2': 0.5, 'w': 0.9}
2025-03-20 15:11:54,911 - pyswarms.single.global_best - INFO - Optimization finished | best cost: 0.30276402831077576, best pos: [    -169.13      4.5815      1.2977      1.0165]
2025-03-20 15:12:09,388 - pyswarms.single.global_best - INFO - Optimize for 150 iters with {'c1': 3, 'c2': 0.5, 'w': 0.9}
2025-03-20 15:12:14,187 - pyswarms.single.global_best - INFO - Optimization finished | best cost: 0.3375385105609894, best pos: [    -164.23     -1.5751      1.2912      1.0252]
2025-03-20 15:12:26,608 - pyswarms.single.global_best - INFO - Optimize for 150 iters with {'c1': 3, 'c2': 0.5, 'w': 0.9}
2025-03-20 15:12:30,373 - pyswarms.single.global_best - INFO - Optimization finished | best cost: 0.2724037766456604, best pos: [     -162.3     -9.7204      1.2874      1.0512]
2025-03-20 15:12:41,472 - pyswarms.single.global_best - INFO - Optimize for 150 iters with {'c1': 3, 'c2': 0.5, 'w': 0.9}
2025-03-20 15:12:44,904 - pyswarms.single.global_best - INFO - Optimization finished | best cost: 0.3900752067565918, best pos: [    -173.37     -7.1146       1.299      1.0333]
2025-03-20 15:12:52,118 - pyswarms.single.global_best - INFO - Optimize for 150 iters with {'c1': 3, 'c2': 0.5, 'w': 0.9}
2025-03-20 15:12:55,784 - pyswarms.single.global_best - INFO - Optimization finished | best cost: 0.31084710359573364, best pos: [       -171      8.5118         1.3     0.98949]
2025-03-20 15:13:02,617 - pyswarms.single.global_best - INFO - Optimize for 150 iters with {'c1': 3, 'c2': 0.5, 'w': 0.9}
2025-03-20 15:13:05,847 - pyswarms.single.global_best - INFO - Optimization finished | best cost: 0.39710724353790283, best pos: [    -152.21      1.3477      1.2955     0.98016]
2025-03-20 15:13:26,214 - pyswarms.single.global_best - INFO - Optimize for 150 iters with {'c1': 3, 'c2': 0.5, 'w': 0.9}
2025-03-20 15:13:29,527 - pyswarms.single.global_best - INFO - Optimization finished | best cost: 0.22401480376720428, best pos: [    -165.58     -1.5172         1.3      1.0204]
2025-03-20 15:13:40,456 - pyswarms.single.global_best - INFO - Optimize for 150 iters with {'c1': 3, 'c2': 0.5, 'w': 0.9}
2025-03-20 15:13:44,609 - pyswarms.single.global_best - INFO - Optimization finished | best cost: 0.19264774024486542, best pos: [    -176.96         -10         1.3      1.0784]
2025-03-20 15:13:55,542 - pyswarms.single.global_best - INFO - Optimize for 150 iters with {'c1': 3, 'c2': 0.5, 'w': 0.9}
2025-03-20 15:13:59,431 - pyswarms.single.global_best - INFO - Optimization finished | best cost: 0.24063897132873535, best pos: [    -175.75         -10         1.3      1.0411]
2025-03-20 15:14:10,723 - pyswarms.single.global_best - INFO - Optimize for 150 iters with {'c1': 3, 'c2': 0.5, 'w': 0.9}
2025-03-20 15:14:13,982 - pyswarms.single.global_best - INFO - Optimization finished | best cost: 0.3387472331523895, best pos: [    -172.26      9.5529      1.2756     0.99656]
2025-03-20 15:14:24,978 - pyswarms.single.global_best - INFO - Optimize for 150 iters with {'c1': 3, 'c2': 0.5, 'w': 0.9}
2025-03-20 15:14:28,916 - pyswarms.single.global_best - INFO - Optimization finished | best cost: 0.3788022994995117, best pos: [    -166.26      0.1693      1.2431      1.0147]
2025-03-20 15:14:41,380 - pyswarms.single.global_best - INFO - Optimize for 150 iters with {'c1': 3, 'c2': 0.5, 'w': 0.9}
2025-03-20 15:14:45,802 - pyswarms.single.global_best - INFO - Optimization finished | best cost: 0.4116615355014801, best pos: [    -177.13         -10         1.3      1.0358]
2025-03-20 15:14:58,687 - pyswarms.single.global_best - INFO - Optimize for 150 iters with {'c1': 3, 'c2': 0.5, 'w': 0.9}
2025-03-20 15:15:02,920 - pyswarms.single.global_best - INFO - Optimization finished | best cost: 0.28221625089645386, best pos: [    -175.38    0.013365         1.3      1.0137]
2025-03-20 15:15:14,498 - pyswarms.single.global_best - INFO - Optimize for 150 iters with {'c1': 3, 'c2': 0.5, 'w': 0.9}
2025-03-20 15:15:16,407 - pyswarms.single.global_best - INFO - Optimization finished | best cost: 0.3697716295719147, best pos: [    -175.97         -10         1.3      1.0318]
2025-03-20 15:15:21,542 - pyswarms.single.global_best - INFO - Optimize for 150 iters with {'c1': 3, 'c2': 0.5, 'w': 0.9}
2025-03-20 15:15:23,190 - pyswarms.single.global_best - INFO - Optimization finished | best cost: 0.4498920440673828, best pos: [    -167.08         -10         1.3      1.0747]
2025-03-20 15:15:28,930 - pyswarms.single.global_best - INFO - Optimize for 150 iters with {'c1': 3, 'c2': 0.5, 'w': 0.9}
2025-03-20 15:15:30,951 - pyswarms.single.global_best - INFO - Optimization finished | best cost: 0.21340195834636688, best pos: [    -169.58         -10         1.3      1.0466]
2025-03-20 15:15:35,954 - pyswarms.single.global_best - INFO - Optimize for 150 iters with {'c1': 3, 'c2': 0.5, 'w': 0.9}
2025-03-20 15:15:37,746 - pyswarms.single.global_best - INFO - Optimization finished | best cost: 0.35374704003334045, best pos: [    -163.55       9.039      1.2784     0.99801]
2025-03-20 15:15:42,553 - pyswarms.single.global_best - INFO - Optimize for 150 iters with {'c1': 3, 'c2': 0.5, 'w': 0.9}
2025-03-20 15:15:44,318 - pyswarms.single.global_best - INFO - Optimization finished | best cost: 0.25393378734588623, best pos: [    -164.92     -9.4841      1.2866      1.0469]
2025-03-20 15:15:49,351 - pyswarms.single.global_best - INFO - Optimize for 150 iters with {'c1': 3, 'c2': 0.5, 'w': 0.9}
2025-03-20 15:15:51,116 - pyswarms.single.global_best - INFO - Optimization finished | best cost: 0.23358015716075897, best pos: [    -176.24     -3.8795         1.3      1.0347]
2025-03-20 15:15:56,262 - pyswarms.single.global_best - INFO - Optimize for 150 iters with {'c1': 3, 'c2': 0.5, 'w': 0.9}
2025-03-20 15:15:58,177 - pyswarms.single.global_best - INFO - Optimization finished | best cost: 0.27760857343673706, best pos: [    -180.79         -10         1.3      1.0224]
2025-03-20 15:16:03,107 - pyswarms.single.global_best - INFO - Optimize for 150 iters with {'c1': 3, 'c2': 0.5, 'w': 0.9}
2025-03-20 15:16:04,975 - pyswarms.single.global_best - INFO - Optimization finished | best cost: 0.16710786521434784, best pos: [    -172.07         -10         1.3      1.0437]
2025-03-20 15:16:09,622 - pyswarms.single.global_best - INFO - Optimize for 150 iters with {'c1': 3, 'c2': 0.5, 'w': 0.9}
2025-03-20 15:16:11,442 - pyswarms.single.global_best - INFO - Optimization finished | best cost: 0.37630534172058105, best pos: [    -167.38         -10         1.3      1.0401]
2025-03-20 15:16:16,168 - pyswarms.single.global_best - INFO - Optimize for 150 iters with {'c1': 3, 'c2': 0.5, 'w': 0.9}
2025-03-20 15:16:18,293 - pyswarms.single.global_best - INFO - Optimization finished | best cost: 0.2194652110338211, best pos: [    -167.35      1.3171      1.2981      1.0163]
2025-03-20 15:16:24,134 - pyswarms.single.global_best - INFO - Optimize for 150 iters with {'c1': 3, 'c2': 0.5, 'w': 0.9}
2025-03-20 15:16:25,904 - pyswarms.single.global_best - INFO - Optimization finished | best cost: 0.23753145337104797, best pos: [    -175.51     0.54398      1.2924      1.0106]
2025-03-20 15:16:31,360 - pyswarms.single.global_best - INFO - Optimize for 150 iters with {'c1': 3, 'c2': 0.5, 'w': 0.9}
2025-03-20 15:16:33,119 - pyswarms.single.global_best - INFO - Optimization finished | best cost: 0.2531587481498718, best pos: [    -172.99     -4.0604         1.3      1.0217]
2025-03-20 15:16:38,129 - pyswarms.single.global_best - INFO - Optimize for 150 iters with {'c1': 3, 'c2': 0.5, 'w': 0.9}
2025-03-20 15:16:39,879 - pyswarms.single.global_best - INFO - Optimization finished | best cost: 0.24299432337284088, best pos: [    -179.52         -10      1.2976      1.0638]
2025-03-20 15:16:44,899 - pyswarms.single.global_best - INFO - Optimize for 150 iters with {'c1': 3, 'c2': 0.5, 'w': 0.9}
2025-03-20 15:16:46,664 - pyswarms.single.global_best - INFO - Optimization finished | best cost: 0.388381689786911, best pos: [    -184.46     -9.2122       1.295      1.0468]
2025-03-20 15:16:51,738 - pyswarms.single.global_best - INFO - Optimize for 150 iters with {'c1': 3, 'c2': 0.5, 'w': 0.9}
2025-03-20 15:16:53,571 - pyswarms.single.global_best - INFO - Optimization finished | best cost: 0.2698839008808136, best pos: [    -178.73         -10         1.3      1.0674]
2025-03-20 15:16:59,120 - pyswarms.single.global_best - INFO - Optimize for 150 iters with {'c1': 3, 'c2': 0.5, 'w': 0.9}
2025-03-20 15:17:00,848 - pyswarms.single.global_best - INFO - Optimization finished | best cost: 0.2659919559955597, best pos: [    -176.38     -2.4264      1.2852      1.0163]
2025-03-20 15:17:05,790 - pyswarms.single.global_best - INFO - Optimize for 150 iters with {'c1': 3, 'c2': 0.5, 'w': 0.9}
2025-03-20 15:17:08,051 - pyswarms.single.global_best - INFO - Optimization finished | best cost: 0.2667015790939331, best pos: [    -185.73    -0.29974      1.2998      1.0161]
2025-03-20 15:17:13,345 - pyswarms.single.global_best - INFO - Optimize for 150 iters with {'c1': 3, 'c2': 0.5, 'w': 0.9}
2025-03-20 15:17:15,340 - pyswarms.single.global_best - INFO - Optimization finished | best cost: 0.25697460770606995, best pos: [    -187.93         -10         1.3      1.0624]
2025-03-20 15:17:20,636 - pyswarms.single.global_best - INFO - Optimize for 150 iters with {'c1': 3, 'c2': 0.5, 'w': 0.9}
2025-03-20 15:17:22,383 - pyswarms.single.global_best - INFO - Optimization finished | best cost: 0.2922452390193939, best pos: [    -172.48         -10         1.3      1.0586]
2025-03-20 15:17:27,156 - pyswarms.single.global_best - INFO - Optimize for 150 iters with {'c1': 3, 'c2': 0.5, 'w': 0.9}
2025-03-20 15:17:28,919 - pyswarms.single.global_best - INFO - Optimization finished | best cost: 0.26129472255706787, best pos: [    -178.78     -8.7011      1.2803      1.0454]
2025-03-20 15:17:33,695 - pyswarms.single.global_best - INFO - Optimize for 150 iters with {'c1': 3, 'c2': 0.5, 'w': 0.9}
2025-03-20 15:17:35,507 - pyswarms.single.global_best - INFO - Optimization finished | best cost: 0.22457051277160645, best pos: [    -181.91     -7.0344         1.3      1.0502]
2025-03-20 15:17:40,059 - pyswarms.single.global_best - INFO - Optimize for 150 iters with {'c1': 3, 'c2': 0.5, 'w': 0.9}
2025-03-20 15:17:41,841 - pyswarms.single.global_best - INFO - Optimization finished | best cost: 0.24296680092811584, best pos: [    -187.38         -10         1.3      1.0647]
2025-03-20 15:17:46,674 - pyswarms.single.global_best - INFO - Optimize for 150 iters with {'c1': 3, 'c2': 0.5, 'w': 0.9}
2025-03-20 15:17:48,526 - pyswarms.single.global_best - INFO - Optimization finished | best cost: 0.2825407087802887, best pos: [     -187.5      -5.358      1.2956      1.0389]
2025-03-20 15:17:53,397 - pyswarms.single.global_best - INFO - Optimize for 150 iters with {'c1': 3, 'c2': 0.5, 'w': 0.9}
2025-03-20 15:17:55,153 - pyswarms.single.global_best - INFO - Optimization finished | best cost: 0.2435898780822754, best pos: [    -180.57     -3.4144         1.3      1.0354]
2025-03-20 15:17:59,983 - pyswarms.single.global_best - INFO - Optimize for 150 iters with {'c1': 3, 'c2': 0.5, 'w': 0.9}
2025-03-20 15:18:01,805 - pyswarms.single.global_best - INFO - Optimization finished | best cost: 0.25995156168937683, best pos: [    -183.78     -5.4754         1.3      1.0168]
2025-03-20 15:18:06,691 - pyswarms.single.global_best - INFO - Optimize for 150 iters with {'c1': 3, 'c2': 0.5, 'w': 0.9}
2025-03-20 15:18:08,497 - pyswarms.single.global_best - INFO - Optimization finished | best cost: 0.2663643956184387, best pos: [    -174.23      -7.452         1.3      1.0344]
2025-03-20 15:18:13,244 - pyswarms.single.global_best - INFO - Optimize for 150 iters with {'c1': 3, 'c2': 0.5, 'w': 0.9}
2025-03-20 15:18:15,093 - pyswarms.single.global_best - INFO - Optimization finished | best cost: 0.33966100215911865, best pos: [    -173.91         -10         1.3      1.0446]
2025-03-20 15:18:19,908 - pyswarms.single.global_best - INFO - Optimize for 150 iters with {'c1': 3, 'c2': 0.5, 'w': 0.9}
2025-03-20 15:18:21,773 - pyswarms.single.global_best - INFO - Optimization finished | best cost: 0.4243716597557068, best pos: [    -176.23     0.19388         1.3      1.0086]
2025-03-20 15:18:26,764 - pyswarms.single.global_best - INFO - Optimize for 150 iters with {'c1': 3, 'c2': 0.5, 'w': 0.9}
2025-03-20 15:18:28,568 - pyswarms.single.global_best - INFO - Optimization finished | best cost: 0.3058456778526306, best pos: [    -164.13     -4.7823      1.2972      1.0344]
2025-03-20 15:18:34,045 - pyswarms.single.global_best - INFO - Optimize for 150 iters with {'c1': 3, 'c2': 0.5, 'w': 0.9}
2025-03-20 15:18:35,928 - pyswarms.single.global_best - INFO - Optimization finished | best cost: 0.30226555466651917, best pos: [    -165.59     -1.7829         1.3      1.0159]
2025-03-20 15:18:40,728 - pyswarms.single.global_best - INFO - Optimize for 150 iters with {'c1': 3, 'c2': 0.5, 'w': 0.9}
2025-03-20 15:18:42,616 - pyswarms.single.global_best - INFO - Optimization finished | best cost: 0.2567674517631531, best pos: [    -159.78     -8.2134       1.292      1.0456]
2025-03-20 15:18:47,351 - pyswarms.single.global_best - INFO - Optimize for 150 iters with {'c1': 3, 'c2': 0.5, 'w': 0.9}
2025-03-20 15:18:49,224 - pyswarms.single.global_best - INFO - Optimization finished | best cost: 0.35306012630462646, best pos: [    -174.62     -7.2318         1.3      1.0143]
2025-03-20 15:18:53,877 - pyswarms.single.global_best - INFO - Optimize for 150 iters with {'c1': 3, 'c2': 0.5, 'w': 0.9}
2025-03-20 15:18:55,725 - pyswarms.single.global_best - INFO - Optimization finished | best cost: 0.30561622977256775, best pos: [    -165.06         -10         1.3      1.0504]
2025-03-20 15:19:01,292 - pyswarms.single.global_best - INFO - Optimize for 150 iters with {'c1': 3, 'c2': 0.5, 'w': 0.9}
2025-03-20 15:19:03,168 - pyswarms.single.global_best - INFO - Optimization finished | best cost: 0.30855032801628113, best pos: [       -166      -1.195      1.2978     0.99508]
2025-03-20 15:19:07,807 - pyswarms.single.global_best - INFO - Optimize for 150 iters with {'c1': 3, 'c2': 0.5, 'w': 0.9}
2025-03-20 15:19:09,700 - pyswarms.single.global_best - INFO - Optimization finished | best cost: 0.3081754744052887, best pos: [     -171.2         -10         1.3      1.0446]
2025-03-20 15:19:17,446 - pyswarms.single.global_best - INFO - Optimize for 150 iters with {'c1': 3, 'c2': 0.5, 'w': 0.9}
2025-03-20 15:19:19,364 - pyswarms.single.global_best - INFO - Optimization finished | best cost: 0.546983540058136, best pos: [     15.652      -6.494       1.063     0.84407]
2025-03-20 15:19:21,160 - pyswarms.single.global_best - INFO - Optimize for 150 iters with {'c1': 3, 'c2': 0.5, 'w': 0.9}
2025-03-20 15:19:23,118 - pyswarms.single.global_best - INFO - Optimization finished | best cost: 0.5913200974464417, best pos: [     16.227     -6.9381      1.0246     0.85262]
2025-03-20 15:19:27,821 - pyswarms.single.global_best - INFO - Optimize for 150 iters with {'c1': 3, 'c2': 0.5, 'w': 0.9}
2025-03-20 15:19:29,672 - pyswarms.single.global_best - INFO - Optimization finished | best cost: 0.5284644365310669, best pos: [     12.782     -7.6559      1.0505     0.88932]
2025-03-20 15:19:34,547 - pyswarms.single.global_best - INFO - Optimize for 150 iters with {'c1': 3, 'c2': 0.5, 'w': 0.9}
2025-03-20 15:19:36,452 - pyswarms.single.global_best - INFO - Optimization finished | best cost: 0.5551164746284485, best pos: [     20.935      3.4206      1.0218      0.8512]
2025-03-20 15:19:41,041 - pyswarms.single.global_best - INFO - Optimize for 150 iters with {'c1': 3, 'c2': 0.5, 'w': 0.9}
2025-03-20 15:19:42,951 - pyswarms.single.global_best - INFO - Optimization finished | best cost: 0.4253027141094208, best pos: [     21.849     -7.7819     0.99743     0.87599]
2025-03-20 15:19:47,089 - pyswarms.single.global_best - INFO - Optimize for 150 iters with {'c1': 3, 'c2': 0.5, 'w': 0.9}
2025-03-20 15:19:48,983 - pyswarms.single.global_best - INFO - Optimization finished | best cost: 0.42645856738090515, best pos: [     16.759     -7.2228       1.024     0.87719]
2025-03-20 15:19:53,248 - pyswarms.single.global_best - INFO - Optimize for 150 iters with {'c1': 3, 'c2': 0.5, 'w': 0.9}
2025-03-20 15:19:55,110 - pyswarms.single.global_best - INFO - Optimization finished | best cost: 0.41526398062705994, best pos: [     21.209     -5.3222      1.0186     0.88655]
2025-03-20 15:19:59,836 - pyswarms.single.global_best - INFO - Optimize for 150 iters with {'c1': 3, 'c2': 0.5, 'w': 0.9}
2025-03-20 15:20:01,695 - pyswarms.single.global_best - INFO - Optimization finished | best cost: 0.4138520658016205, best pos: [     7.9373      9.0611      1.0435     0.82804]
2025-03-20 15:20:05,911 - pyswarms.single.global_best - INFO - Optimize for 150 iters with {'c1': 3, 'c2': 0.5, 'w': 0.9}
2025-03-20 15:20:07,808 - pyswarms.single.global_best - INFO - Optimization finished | best cost: 0.5330593585968018, best pos: [      29.27    -0.69589      1.0006     0.87175]
2025-03-20 15:20:12,155 - pyswarms.single.global_best - INFO - Optimize for 150 iters with {'c1': 3, 'c2': 0.5, 'w': 0.9}
2025-03-20 15:20:14,043 - pyswarms.single.global_best - INFO - Optimization finished | best cost: 0.640950083732605, best pos: [     25.306     -7.8173      1.0069      0.8392]
2025-03-20 15:20:18,592 - pyswarms.single.global_best - INFO - Optimize for 150 iters with {'c1': 3, 'c2': 0.5, 'w': 0.9}
2025-03-20 15:20:20,525 - pyswarms.single.global_best - INFO - Optimization finished | best cost: 0.5668787956237793, best pos: [     22.085     -9.0911      1.0135     0.82285]
2025-03-20 15:20:24,606 - pyswarms.single.global_best - INFO - Optimize for 150 iters with {'c1': 3, 'c2': 0.5, 'w': 0.9}
2025-03-20 15:20:26,440 - pyswarms.single.global_best - INFO - Optimization finished | best cost: 0.5348494648933411, best pos: [    -9.0824     -4.2448      1.0732     0.82765]
2025-03-20 15:20:30,778 - pyswarms.single.global_best - INFO - Optimize for 150 iters with {'c1': 3, 'c2': 0.5, 'w': 0.9}
2025-03-20 15:20:32,687 - pyswarms.single.global_best - INFO - Optimization finished | best cost: 0.5031910538673401, best pos: [     11.586      5.2293      1.0356     0.80217]
2025-03-20 15:20:36,812 - pyswarms.single.global_best - INFO - Optimize for 150 iters with {'c1': 3, 'c2': 0.5, 'w': 0.9}
2025-03-20 15:20:38,605 - pyswarms.single.global_best - INFO - Optimization finished | best cost: 0.4049912989139557, best pos: [      12.12     -9.8686      1.0311     0.85744]
2025-03-20 15:20:42,689 - pyswarms.single.global_best - INFO - Optimize for 150 iters with {'c1': 3, 'c2': 0.5, 'w': 0.9}
2025-03-20 15:20:44,656 - pyswarms.single.global_best - INFO - Optimization finished | best cost: 0.3265807032585144, best pos: [     11.163     -1.9801      1.0368     0.83566]
2025-03-20 15:20:49,171 - pyswarms.single.global_best - INFO - Optimize for 150 iters with {'c1': 3, 'c2': 0.5, 'w': 0.9}
2025-03-20 15:20:51,055 - pyswarms.single.global_best - INFO - Optimization finished | best cost: 0.3701590895652771, best pos: [     24.901      9.8741      1.0054     0.79936]
2025-03-20 15:20:55,927 - pyswarms.single.global_best - INFO - Optimize for 150 iters with {'c1': 3, 'c2': 0.5, 'w': 0.9}
2025-03-20 15:20:57,890 - pyswarms.single.global_best - INFO - Optimization finished | best cost: 0.35223424434661865, best pos: [     33.321     -5.7133     0.99112     0.84704]
2025-03-20 15:21:02,708 - pyswarms.single.global_best - INFO - Optimize for 150 iters with {'c1': 3, 'c2': 0.5, 'w': 0.9}
2025-03-20 15:21:04,564 - pyswarms.single.global_best - INFO - Optimization finished | best cost: 0.41119083762168884, best pos: [     11.696     -9.3274      1.0343     0.86338]
2025-03-20 15:21:09,981 - pyswarms.single.global_best - INFO - Optimize for 150 iters with {'c1': 3, 'c2': 0.5, 'w': 0.9}
2025-03-20 15:21:11,889 - pyswarms.single.global_best - INFO - Optimization finished | best cost: 0.3596106767654419, best pos: [     25.192     -7.5285      1.0056     0.90176]
2025-03-20 15:21:16,878 - pyswarms.single.global_best - INFO - Optimize for 150 iters with {'c1': 3, 'c2': 0.5, 'w': 0.9}
2025-03-20 15:21:18,652 - pyswarms.single.global_best - INFO - Optimization finished | best cost: 0.35755160450935364, best pos: [     16.218     -4.2524       1.021     0.85359]
2025-03-20 15:21:23,409 - pyswarms.single.global_best - INFO - Optimize for 150 iters with {'c1': 3, 'c2': 0.5, 'w': 0.9}
2025-03-20 15:21:25,162 - pyswarms.single.global_best - INFO - Optimization finished | best cost: 0.3111831843852997, best pos: [     28.044     -4.3749     0.99272     0.87964]
2025-03-20 15:21:30,291 - pyswarms.single.global_best - INFO - Optimize for 150 iters with {'c1': 3, 'c2': 0.5, 'w': 0.9}
2025-03-20 15:21:32,090 - pyswarms.single.global_best - INFO - Optimization finished | best cost: 0.3544904887676239, best pos: [     12.165      -4.063      1.0249     0.85707]
2025-03-20 15:21:36,916 - pyswarms.single.global_best - INFO - Optimize for 150 iters with {'c1': 3, 'c2': 0.5, 'w': 0.9}
2025-03-20 15:21:38,697 - pyswarms.single.global_best - INFO - Optimization finished | best cost: 0.46983760595321655, best pos: [     35.464     -8.2269     0.96954     0.86284]
2025-03-20 15:21:43,957 - pyswarms.single.global_best - INFO - Optimize for 150 iters with {'c1': 3, 'c2': 0.5, 'w': 0.9}
2025-03-20 15:21:45,649 - pyswarms.single.global_best - INFO - Optimization finished | best cost: 0.37790003418922424, best pos: [     20.679    -0.58746      1.0155     0.86919]
2025-03-20 15:21:50,853 - pyswarms.single.global_best - INFO - Optimize for 150 iters with {'c1': 3, 'c2': 0.5, 'w': 0.9}
2025-03-20 15:21:52,671 - pyswarms.single.global_best - INFO - Optimization finished | best cost: 0.5474810600280762, best pos: [     27.015    -0.53667       1.002     0.87201]
2025-03-20 15:21:57,940 - pyswarms.single.global_best - INFO - Optimize for 150 iters with {'c1': 3, 'c2': 0.5, 'w': 0.9}
2025-03-20 15:21:59,778 - pyswarms.single.global_best - INFO - Optimization finished | best cost: 0.3945921063423157, best pos: [     31.134     -5.9791     0.99257     0.87345]
2025-03-20 15:22:05,098 - pyswarms.single.global_best - INFO - Optimize for 150 iters with {'c1': 3, 'c2': 0.5, 'w': 0.9}
2025-03-20 15:22:06,872 - pyswarms.single.global_best - INFO - Optimization finished | best cost: 0.4693702161312103, best pos: [     27.554     -6.0324      1.0073     0.86886]
2025-03-20 15:22:21,123 - pyswarms.single.global_best - INFO - Optimize for 150 iters with {'c1': 3, 'c2': 0.5, 'w': 0.9}
2025-03-20 15:22:22,994 - pyswarms.single.global_best - INFO - Optimization finished | best cost: 0.44924697279930115, best pos: [     28.446     -4.2975     0.99609     0.83824]
2025-03-20 15:22:27,834 - pyswarms.single.global_best - INFO - Optimize for 150 iters with {'c1': 3, 'c2': 0.5, 'w': 0.9}
2025-03-20 15:22:29,613 - pyswarms.single.global_best - INFO - Optimization finished | best cost: 0.43681275844573975, best pos: [     26.611         -10      1.0049     0.82379]
2025-03-20 15:22:34,646 - pyswarms.single.global_best - INFO - Optimize for 150 iters with {'c1': 3, 'c2': 0.5, 'w': 0.9}
2025-03-20 15:22:36,455 - pyswarms.single.global_best - INFO - Optimization finished | best cost: 0.6024652123451233, best pos: [     18.492      -9.297      1.0158     0.81873]
2025-03-20 15:22:42,369 - pyswarms.single.global_best - INFO - Optimize for 150 iters with {'c1': 3, 'c2': 0.5, 'w': 0.9}
2025-03-20 15:22:44,157 - pyswarms.single.global_best - INFO - Optimization finished | best cost: 0.5956127643585205, best pos: [     29.044     -9.9285     0.99025     0.73019]
2025-03-20 15:22:49,202 - pyswarms.single.global_best - INFO - Optimize for 150 iters with {'c1': 3, 'c2': 0.5, 'w': 0.9}
2025-03-20 15:22:50,907 - pyswarms.single.global_best - INFO - Optimization finished | best cost: 0.45279890298843384, best pos: [     9.1083     -2.9114      1.0441      0.8543]
2025-03-20 15:22:56,267 - pyswarms.single.global_best - INFO - Optimize for 150 iters with {'c1': 3, 'c2': 0.5, 'w': 0.9}
2025-03-20 15:22:58,023 - pyswarms.single.global_best - INFO - Optimization finished | best cost: 0.4762720465660095, best pos: [     14.813     -5.8612      1.0212     0.84709]
2025-03-20 15:23:03,305 - pyswarms.single.global_best - INFO - Optimize for 150 iters with {'c1': 3, 'c2': 0.5, 'w': 0.9}
2025-03-20 15:23:05,131 - pyswarms.single.global_best - INFO - Optimization finished | best cost: 0.5623689889907837, best pos: [     28.822     -5.8158      0.9835      0.8212]
2025-03-20 15:23:10,199 - pyswarms.single.global_best - INFO - Optimize for 150 iters with {'c1': 3, 'c2': 0.5, 'w': 0.9}
2025-03-20 15:23:12,030 - pyswarms.single.global_best - INFO - Optimization finished | best cost: 0.6501973867416382, best pos: [     4.7373     -7.7305      1.0496      0.8363]
2025-03-20 15:23:21,387 - pyswarms.single.global_best - INFO - Optimize for 150 iters with {'c1': 3, 'c2': 0.5, 'w': 0.9}
2025-03-20 15:23:23,222 - pyswarms.single.global_best - INFO - Optimization finished | best cost: 0.3803178071975708, best pos: [     18.888     -2.2175      1.0176     0.84758]
2025-03-20 15:23:28,127 - pyswarms.single.global_best - INFO - Optimize for 150 iters with {'c1': 3, 'c2': 0.5, 'w': 0.9}
2025-03-20 15:23:29,910 - pyswarms.single.global_best - INFO - Optimization finished | best cost: 0.26129379868507385, best pos: [     6.4574     -7.3239      1.0723     0.87235]
2025-03-20 15:23:33,490 - pyswarms.single.global_best - INFO - Optimize for 150 iters with {'c1': 3, 'c2': 0.5, 'w': 0.9}
2025-03-20 15:23:35,255 - pyswarms.single.global_best - INFO - Optimization finished | best cost: 0.4981924891471863, best pos: [     10.636     0.71974       1.046     0.81047]
2025-03-20 15:23:38,412 - pyswarms.single.global_best - INFO - Optimize for 150 iters with {'c1': 3, 'c2': 0.5, 'w': 0.9}
2025-03-20 15:23:40,143 - pyswarms.single.global_best - INFO - Optimization finished | best cost: 0.5512281060218811, best pos: [     19.305     -8.2339      1.0275     0.90096]
2025-03-20 15:23:43,411 - pyswarms.single.global_best - INFO - Optimize for 150 iters with {'c1': 3, 'c2': 0.5, 'w': 0.9}
2025-03-20 15:23:45,206 - pyswarms.single.global_best - INFO - Optimization finished | best cost: 0.3556064963340759, best pos: [     21.665     -7.1834      1.0151     0.79719]
2025-03-20 15:23:48,179 - pyswarms.single.global_best - INFO - Optimize for 150 iters with {'c1': 3, 'c2': 0.5, 'w': 0.9}
2025-03-20 15:23:49,959 - pyswarms.single.global_best - INFO - Optimization finished | best cost: 0.33506008982658386, best pos: [     12.657     -8.1366      1.0531     0.80796]
2025-03-20 15:24:03,112 - pyswarms.single.global_best - INFO - Optimize for 150 iters with {'c1': 3, 'c2': 0.5, 'w': 0.9}
2025-03-20 15:24:04,917 - pyswarms.single.global_best - INFO - Optimization finished | best cost: 0.3068196177482605, best pos: [     25.555     -6.5909     0.99555     0.84175]
2025-03-20 15:24:09,792 - pyswarms.single.global_best - INFO - Optimize for 150 iters with {'c1': 3, 'c2': 0.5, 'w': 0.9}
2025-03-20 15:24:11,516 - pyswarms.single.global_best - INFO - Optimization finished | best cost: 0.42072659730911255, best pos: [     9.2457      1.4006      1.0594     0.82396]
2025-03-20 15:24:16,178 - pyswarms.single.global_best - INFO - Optimize for 150 iters with {'c1': 3, 'c2': 0.5, 'w': 0.9}
2025-03-20 15:24:17,952 - pyswarms.single.global_best - INFO - Optimization finished | best cost: 0.5491685271263123, best pos: [     23.761     -5.1281     0.99906     0.83232]
2025-03-20 15:24:22,285 - pyswarms.single.global_best - INFO - Optimize for 150 iters with {'c1': 3, 'c2': 0.5, 'w': 0.9}
2025-03-20 15:24:24,112 - pyswarms.single.global_best - INFO - Optimization finished | best cost: 0.6314773559570312, best pos: [     16.781      2.7366      1.0271     0.80452]
2025-03-20 15:24:28,954 - pyswarms.single.global_best - INFO - Optimize for 150 iters with {'c1': 3, 'c2': 0.5, 'w': 0.9}
2025-03-20 15:24:30,726 - pyswarms.single.global_best - INFO - Optimization finished | best cost: 0.5970966815948486, best pos: [     10.801     -7.1808      1.0475     0.85653]
2025-03-20 15:24:35,595 - pyswarms.single.global_best - INFO - Optimize for 150 iters with {'c1': 3, 'c2': 0.5, 'w': 0.9}
2025-03-20 15:24:37,272 - pyswarms.single.global_best - INFO - Optimization finished | best cost: 0.6517533659934998, best pos: [     8.3299     -8.9653      1.0865     0.85457]
2025-03-20 15:24:42,422 - pyswarms.single.global_best - INFO - Optimize for 150 iters with {'c1': 3, 'c2': 0.5, 'w': 0.9}
2025-03-20 15:24:44,278 - pyswarms.single.global_best - INFO - Optimization finished | best cost: 0.5572618246078491, best pos: [     26.344     -5.4606     0.98663     0.80053]
2025-03-20 15:24:49,544 - pyswarms.single.global_best - INFO - Optimize for 150 iters with {'c1': 3, 'c2': 0.5, 'w': 0.9}
2025-03-20 15:24:52,106 - pyswarms.single.global_best - INFO - Optimization finished | best cost: 0.5455796122550964, best pos: [     23.935     -3.7729     0.99984     0.80967]
2025-03-20 15:24:58,247 - pyswarms.single.global_best - INFO - Optimize for 150 iters with {'c1': 3, 'c2': 0.5, 'w': 0.9}
2025-03-20 15:25:00,215 - pyswarms.single.global_best - INFO - Optimization finished | best cost: 0.5464779138565063, best pos: [     4.8993         -10      1.0576     0.83682]
2025-03-20 15:25:05,862 - pyswarms.single.global_best - INFO - Optimize for 150 iters with {'c1': 3, 'c2': 0.5, 'w': 0.9}
2025-03-20 15:25:07,805 - pyswarms.single.global_best - INFO - Optimization finished | best cost: 0.5918959379196167, best pos: [     9.6307     -8.1339      1.0421     0.82622]
2025-03-20 15:25:12,980 - pyswarms.single.global_best - INFO - Optimize for 150 iters with {'c1': 3, 'c2': 0.5, 'w': 0.9}
2025-03-20 15:25:14,927 - pyswarms.single.global_best - INFO - Optimization finished | best cost: 0.4622024893760681, best pos: [     15.292     -9.4965      1.0327     0.87497]
2025-03-20 15:25:19,924 - pyswarms.single.global_best - INFO - Optimize for 150 iters with {'c1': 3, 'c2': 0.5, 'w': 0.9}
2025-03-20 15:25:21,778 - pyswarms.single.global_best - INFO - Optimization finished | best cost: 0.4878707826137543, best pos: [     8.0361     -9.9171      1.0512     0.86306]
2025-03-20 15:25:26,780 - pyswarms.single.global_best - INFO - Optimize for 150 iters with {'c1': 3, 'c2': 0.5, 'w': 0.9}
2025-03-20 15:25:28,667 - pyswarms.single.global_best - INFO - Optimization finished | best cost: 0.3736211955547333, best pos: [     18.986      1.3752       1.023     0.86376]
2025-03-20 15:25:34,164 - pyswarms.single.global_best - INFO - Optimize for 150 iters with {'c1': 3, 'c2': 0.5, 'w': 0.9}
2025-03-20 15:25:36,047 - pyswarms.single.global_best - INFO - Optimization finished | best cost: 0.361304372549057, best pos: [     7.5263     -8.8197      1.0586     0.88256]
2025-03-20 15:25:40,888 - pyswarms.single.global_best - INFO - Optimize for 150 iters with {'c1': 3, 'c2': 0.5, 'w': 0.9}
2025-03-20 15:25:42,737 - pyswarms.single.global_best - INFO - Optimization finished | best cost: 0.3789881765842438, best pos: [      17.46      4.2031      1.0258     0.83993]
2025-03-20 15:25:47,630 - pyswarms.single.global_best - INFO - Optimize for 150 iters with {'c1': 3, 'c2': 0.5, 'w': 0.9}
2025-03-20 15:25:49,459 - pyswarms.single.global_best - INFO - Optimization finished | best cost: 0.3437880873680115, best pos: [     18.029     -5.6395      1.0227     0.86203]
2025-03-20 15:25:56,064 - pyswarms.single.global_best - INFO - Optimize for 150 iters with {'c1': 3, 'c2': 0.5, 'w': 0.9}
2025-03-20 15:25:57,977 - pyswarms.single.global_best - INFO - Optimization finished | best cost: 0.2496996372938156, best pos: [    -164.71      5.3333      1.2871     0.99918]
2025-03-20 15:26:02,177 - pyswarms.single.global_best - INFO - Optimize for 150 iters with {'c1': 3, 'c2': 0.5, 'w': 0.9}
2025-03-20 15:26:04,221 - pyswarms.single.global_best - INFO - Optimization finished | best cost: 0.34991052746772766, best pos: [    -169.32     -3.3033         1.3      1.0246]
2025-03-20 15:26:10,337 - pyswarms.single.global_best - INFO - Optimize for 150 iters with {'c1': 3, 'c2': 0.5, 'w': 0.9}
2025-03-20 15:26:12,270 - pyswarms.single.global_best - INFO - Optimization finished | best cost: 0.23692594468593597, best pos: [    -165.08      6.3877         1.3     0.98748]
2025-03-20 15:26:17,990 - pyswarms.single.global_best - INFO - Optimize for 150 iters with {'c1': 3, 'c2': 0.5, 'w': 0.9}
2025-03-20 15:26:19,949 - pyswarms.single.global_best - INFO - Optimization finished | best cost: 0.39031898975372314, best pos: [    -164.01     -2.9347      1.2882      1.0221]
2025-03-20 15:26:25,836 - pyswarms.single.global_best - INFO - Optimize for 150 iters with {'c1': 3, 'c2': 0.5, 'w': 0.9}
2025-03-20 15:26:27,801 - pyswarms.single.global_best - INFO - Optimization finished | best cost: 0.3390825092792511, best pos: [     -169.9      6.0546      1.2924     0.99758]
2025-03-20 15:26:33,694 - pyswarms.single.global_best - INFO - Optimize for 150 iters with {'c1': 3, 'c2': 0.5, 'w': 0.9}
2025-03-20 15:26:35,634 - pyswarms.single.global_best - INFO - Optimization finished | best cost: 0.3466722071170807, best pos: [    -170.48      6.2983      1.2942     0.99192]
2025-03-20 15:26:41,437 - pyswarms.single.global_best - INFO - Optimize for 150 iters with {'c1': 3, 'c2': 0.5, 'w': 0.9}
2025-03-20 15:26:43,379 - pyswarms.single.global_best - INFO - Optimization finished | best cost: 0.35327520966529846, best pos: [     -166.5     -2.3908         1.3      1.0318]
2025-03-20 15:26:49,831 - pyswarms.single.global_best - INFO - Optimize for 150 iters with {'c1': 3, 'c2': 0.5, 'w': 0.9}
2025-03-20 15:26:51,745 - pyswarms.single.global_best - INFO - Optimization finished | best cost: 0.317071795463562, best pos: [     -176.3     -4.3465      1.2986      1.0121]
2025-03-20 15:26:57,783 - pyswarms.single.global_best - INFO - Optimize for 150 iters with {'c1': 3, 'c2': 0.5, 'w': 0.9}
2025-03-20 15:26:59,723 - pyswarms.single.global_best - INFO - Optimization finished | best cost: 0.16205856204032898, best pos: [     -165.8      1.7817         1.3     0.99932]
2025-03-20 15:27:05,443 - pyswarms.single.global_best - INFO - Optimize for 150 iters with {'c1': 3, 'c2': 0.5, 'w': 0.9}
2025-03-20 15:27:07,398 - pyswarms.single.global_best - INFO - Optimization finished | best cost: 0.4066168963909149, best pos: [    -163.19      3.9197      1.2868     0.99939]
2025-03-20 15:27:13,017 - pyswarms.single.global_best - INFO - Optimize for 150 iters with {'c1': 3, 'c2': 0.5, 'w': 0.9}
2025-03-20 15:27:14,931 - pyswarms.single.global_best - INFO - Optimization finished | best cost: 0.31325894594192505, best pos: [    -166.16      1.5168      1.2999      1.0117]
2025-03-20 15:27:20,910 - pyswarms.single.global_best - INFO - Optimize for 150 iters with {'c1': 3, 'c2': 0.5, 'w': 0.9}
2025-03-20 15:27:22,965 - pyswarms.single.global_best - INFO - Optimization finished | best cost: 0.2907198369503021, best pos: [    -155.24     -8.3492      1.2867      1.0451]
2025-03-20 15:27:29,524 - pyswarms.single.global_best - INFO - Optimize for 150 iters with {'c1': 3, 'c2': 0.5, 'w': 0.9}
2025-03-20 15:27:31,335 - pyswarms.single.global_best - INFO - Optimization finished | best cost: 0.382494181394577, best pos: [    -151.77      8.3393      1.2753     0.98584]
2025-03-20 15:27:36,664 - pyswarms.single.global_best - INFO - Optimize for 150 iters with {'c1': 3, 'c2': 0.5, 'w': 0.9}
2025-03-20 15:27:38,536 - pyswarms.single.global_best - INFO - Optimization finished | best cost: 0.34595775604248047, best pos: [    -163.71          10         1.3     0.99431]
2025-03-20 15:27:43,724 - pyswarms.single.global_best - INFO - Optimize for 150 iters with {'c1': 3, 'c2': 0.5, 'w': 0.9}
2025-03-20 15:27:45,634 - pyswarms.single.global_best - INFO - Optimization finished | best cost: 0.24854089319705963, best pos: [    -169.39      8.3019      1.2924      1.0001]
2025-03-20 15:27:50,709 - pyswarms.single.global_best - INFO - Optimize for 150 iters with {'c1': 3, 'c2': 0.5, 'w': 0.9}
2025-03-20 15:27:52,654 - pyswarms.single.global_best - INFO - Optimization finished | best cost: 0.26649221777915955, best pos: [    -172.61      7.4925      1.2936      1.0021]
2025-03-20 15:27:57,687 - pyswarms.single.global_best - INFO - Optimize for 150 iters with {'c1': 3, 'c2': 0.5, 'w': 0.9}
2025-03-20 15:27:59,575 - pyswarms.single.global_best - INFO - Optimization finished | best cost: 0.27891281247138977, best pos: [    -171.62      2.1223         1.3      1.0252]
2025-03-20 15:28:04,780 - pyswarms.single.global_best - INFO - Optimize for 150 iters with {'c1': 3, 'c2': 0.5, 'w': 0.9}
2025-03-20 15:28:06,639 - pyswarms.single.global_best - INFO - Optimization finished | best cost: 0.3597208857536316, best pos: [    -176.63      2.4508      1.2908      1.0092]
2025-03-20 15:28:11,584 - pyswarms.single.global_best - INFO - Optimize for 150 iters with {'c1': 3, 'c2': 0.5, 'w': 0.9}
2025-03-20 15:28:13,431 - pyswarms.single.global_best - INFO - Optimization finished | best cost: 0.2153416872024536, best pos: [    -169.71          10      1.2925     0.97999]
2025-03-20 15:28:18,781 - pyswarms.single.global_best - INFO - Optimize for 150 iters with {'c1': 3, 'c2': 0.5, 'w': 0.9}
2025-03-20 15:28:20,614 - pyswarms.single.global_best - INFO - Optimization finished | best cost: 0.238719180226326, best pos: [     -172.3     -0.6929      1.2915       1.001]
2025-03-20 15:28:26,406 - pyswarms.single.global_best - INFO - Optimize for 150 iters with {'c1': 3, 'c2': 0.5, 'w': 0.9}
2025-03-20 15:28:28,262 - pyswarms.single.global_best - INFO - Optimization finished | best cost: 0.34963202476501465, best pos: [    -161.32     0.16453      1.2911      1.0085]
2025-03-20 15:28:33,789 - pyswarms.single.global_best - INFO - Optimize for 150 iters with {'c1': 3, 'c2': 0.5, 'w': 0.9}
2025-03-20 15:28:35,631 - pyswarms.single.global_best - INFO - Optimization finished | best cost: 0.2914096713066101, best pos: [    -175.42       7.734      1.2902     0.98756]
2025-03-20 15:28:40,953 - pyswarms.single.global_best - INFO - Optimize for 150 iters with {'c1': 3, 'c2': 0.5, 'w': 0.9}
2025-03-20 15:28:42,852 - pyswarms.single.global_best - INFO - Optimization finished | best cost: 0.32135844230651855, best pos: [    -175.16          10         1.3      1.0101]
2025-03-20 15:28:48,458 - pyswarms.single.global_best - INFO - Optimize for 150 iters with {'c1': 3, 'c2': 0.5, 'w': 0.9}
2025-03-20 15:28:50,356 - pyswarms.single.global_best - INFO - Optimization finished | best cost: 0.3513921797275543, best pos: [    -177.56      1.6571      1.2758     0.99746]
2025-03-20 15:28:55,231 - pyswarms.single.global_best - INFO - Optimize for 150 iters with {'c1': 3, 'c2': 0.5, 'w': 0.9}
2025-03-20 15:28:57,092 - pyswarms.single.global_best - INFO - Optimization finished | best cost: 0.207660511136055, best pos: [    -155.72      2.1998      1.2982      1.0097]
2025-03-20 15:29:03,792 - pyswarms.single.global_best - INFO - Optimize for 150 iters with {'c1': 3, 'c2': 0.5, 'w': 0.9}
2025-03-20 15:29:05,659 - pyswarms.single.global_best - INFO - Optimization finished | best cost: 0.5478882193565369, best pos: [     36.731     -7.9275     0.97976     0.84905]
2025-03-20 15:29:09,160 - pyswarms.single.global_best - INFO - Optimize for 150 iters with {'c1': 3, 'c2': 0.5, 'w': 0.9}
2025-03-20 15:29:11,037 - pyswarms.single.global_best - INFO - Optimization finished | best cost: 0.4719710946083069, best pos: [     26.398     -6.7307      1.0028     0.84353]
2025-03-20 15:29:15,318 - pyswarms.single.global_best - INFO - Optimize for 150 iters with {'c1': 3, 'c2': 0.5, 'w': 0.9}
2025-03-20 15:29:17,233 - pyswarms.single.global_best - INFO - Optimization finished | best cost: 0.6203275918960571, best pos: [     31.747     -8.6996     0.98138     0.79664]
2025-03-20 15:29:21,733 - pyswarms.single.global_best - INFO - Optimize for 150 iters with {'c1': 3, 'c2': 0.5, 'w': 0.9}
2025-03-20 15:29:23,627 - pyswarms.single.global_best - INFO - Optimization finished | best cost: 0.6084151268005371, best pos: [    -1.9458     -8.9395      1.0915     0.84324]
2025-03-20 15:29:28,124 - pyswarms.single.global_best - INFO - Optimize for 150 iters with {'c1': 3, 'c2': 0.5, 'w': 0.9}
2025-03-20 15:29:29,921 - pyswarms.single.global_best - INFO - Optimization finished | best cost: 0.6120500564575195, best pos: [     21.753     -7.8506      1.0003     0.86227]
2025-03-20 15:29:33,915 - pyswarms.single.global_best - INFO - Optimize for 150 iters with {'c1': 3, 'c2': 0.5, 'w': 0.9}
2025-03-20 15:29:35,778 - pyswarms.single.global_best - INFO - Optimization finished | best cost: 0.5143349766731262, best pos: [     32.066     -9.0152     0.99134     0.90246]
2025-03-20 15:29:44,962 - pyswarms.single.global_best - INFO - Optimize for 150 iters with {'c1': 3, 'c2': 0.5, 'w': 0.9}
2025-03-20 15:29:46,784 - pyswarms.single.global_best - INFO - Optimization finished | best cost: 0.5626079440116882, best pos: [     30.795     -9.9152     0.98742      0.7799]
2025-03-20 15:29:50,650 - pyswarms.single.global_best - INFO - Optimize for 150 iters with {'c1': 3, 'c2': 0.5, 'w': 0.9}
2025-03-20 15:29:52,507 - pyswarms.single.global_best - INFO - Optimization finished | best cost: 0.5337375402450562, best pos: [     17.237     -8.2223     0.99778     0.76813]
2025-03-20 15:30:00,700 - pyswarms.single.global_best - INFO - Optimize for 150 iters with {'c1': 3, 'c2': 0.5, 'w': 0.9}
2025-03-20 15:30:02,538 - pyswarms.single.global_best - INFO - Optimization finished | best cost: 0.37999358773231506, best pos: [     23.586     -4.7773      1.0065     0.81381]
2025-03-20 15:30:09,676 - pyswarms.single.global_best - INFO - Optimize for 150 iters with {'c1': 3, 'c2': 0.5, 'w': 0.9}
2025-03-20 15:30:11,492 - pyswarms.single.global_best - INFO - Optimization finished | best cost: 0.38537001609802246, best pos: [     21.493     -9.7937      1.0305      0.8057]
2025-03-20 15:30:21,157 - pyswarms.single.global_best - INFO - Optimize for 150 iters with {'c1': 3, 'c2': 0.5, 'w': 0.9}
2025-03-20 15:30:22,932 - pyswarms.single.global_best - INFO - Optimization finished | best cost: 0.48644712567329407, best pos: [     20.392      -6.246      1.0112     0.74162]
2025-03-20 15:30:34,577 - pyswarms.single.global_best - INFO - Optimize for 150 iters with {'c1': 3, 'c2': 0.5, 'w': 0.9}
2025-03-20 15:30:36,386 - pyswarms.single.global_best - INFO - Optimization finished | best cost: 0.11345767974853516, best pos: [    -173.24      7.5726       1.261     0.99781]
2025-03-20 15:30:39,087 - pyswarms.single.global_best - INFO - Optimize for 150 iters with {'c1': 3, 'c2': 0.5, 'w': 0.9}
2025-03-20 15:30:40,891 - pyswarms.single.global_best - INFO - Optimization finished | best cost: 0.16333509981632233, best pos: [    -179.23      9.0073         1.3     0.98871]
2025-03-20 15:30:45,062 - pyswarms.single.global_best - INFO - Optimize for 150 iters with {'c1': 3, 'c2': 0.5, 'w': 0.9}
2025-03-20 15:30:46,919 - pyswarms.single.global_best - INFO - Optimization finished | best cost: 0.4675380289554596, best pos: [    -184.38      1.3975      1.2992      1.0198]
2025-03-20 15:30:51,961 - pyswarms.single.global_best - INFO - Optimize for 150 iters with {'c1': 3, 'c2': 0.5, 'w': 0.9}
2025-03-20 15:30:53,831 - pyswarms.single.global_best - INFO - Optimization finished | best cost: 0.5169289112091064, best pos: [     -180.6          10         1.3     0.99263]
2025-03-20 15:30:57,962 - pyswarms.single.global_best - INFO - Optimize for 150 iters with {'c1': 3, 'c2': 0.5, 'w': 0.9}
2025-03-20 15:30:59,798 - pyswarms.single.global_best - INFO - Optimization finished | best cost: 0.4668075442314148, best pos: [    -174.92      -8.021      1.2786      1.0449]
2025-03-20 15:31:04,924 - pyswarms.single.global_best - INFO - Optimize for 150 iters with {'c1': 3, 'c2': 0.5, 'w': 0.9}
2025-03-20 15:31:06,750 - pyswarms.single.global_best - INFO - Optimization finished | best cost: 0.24936310946941376, best pos: [    -179.59      3.7798      1.2923      1.0033]
2025-03-20 15:31:11,185 - pyswarms.single.global_best - INFO - Optimize for 150 iters with {'c1': 3, 'c2': 0.5, 'w': 0.9}
2025-03-20 15:31:12,980 - pyswarms.single.global_best - INFO - Optimization finished | best cost: 0.14519958198070526, best pos: [    -176.43      1.4054      1.2903      1.0066]
2025-03-20 15:31:17,167 - pyswarms.single.global_best - INFO - Optimize for 150 iters with {'c1': 3, 'c2': 0.5, 'w': 0.9}
2025-03-20 15:31:19,015 - pyswarms.single.global_best - INFO - Optimization finished | best cost: 0.18445006012916565, best pos: [    -175.07     -3.5575      1.2754      1.0392]
2025-03-20 15:31:24,587 - pyswarms.single.global_best - INFO - Optimize for 150 iters with {'c1': 3, 'c2': 0.5, 'w': 0.9}
2025-03-20 15:31:26,453 - pyswarms.single.global_best - INFO - Optimization finished | best cost: 0.2771880328655243, best pos: [    -171.72     -5.5161      1.2939      1.0449]
2025-03-20 15:31:30,986 - pyswarms.single.global_best - INFO - Optimize for 150 iters with {'c1': 3, 'c2': 0.5, 'w': 0.9}
2025-03-20 15:31:32,844 - pyswarms.single.global_best - INFO - Optimization finished | best cost: 0.3252922594547272, best pos: [    -172.83     0.46685      1.2979      1.0287]
2025-03-20 15:31:37,253 - pyswarms.single.global_best - INFO - Optimize for 150 iters with {'c1': 3, 'c2': 0.5, 'w': 0.9}
2025-03-20 15:31:39,071 - pyswarms.single.global_best - INFO - Optimization finished | best cost: 0.5488975644111633, best pos: [    -172.16     -9.3639      1.2599      1.0424]
2025-03-20 15:31:45,613 - pyswarms.single.global_best - INFO - Optimize for 150 iters with {'c1': 3, 'c2': 0.5, 'w': 0.9}
2025-03-20 15:31:47,439 - pyswarms.single.global_best - INFO - Optimization finished | best cost: 0.5288715362548828, best pos: [     59.728     -1.6189      1.1555      1.0342]
2025-03-20 15:31:52,900 - pyswarms.single.global_best - INFO - Optimize for 150 iters with {'c1': 3, 'c2': 0.5, 'w': 0.9}
2025-03-20 15:31:54,749 - pyswarms.single.global_best - INFO - Optimization finished | best cost: 0.45842695236206055, best pos: [    -176.86     -6.7138      1.2885      1.0333]
2025-03-20 15:31:59,606 - pyswarms.single.global_best - INFO - Optimize for 150 iters with {'c1': 3, 'c2': 0.5, 'w': 0.9}
2025-03-20 15:32:01,414 - pyswarms.single.global_best - INFO - Optimization finished | best cost: 0.3334622383117676, best pos: [    -174.38     -9.4532      1.2745      1.0519]
2025-03-20 15:32:06,766 - pyswarms.single.global_best - INFO - Optimize for 150 iters with {'c1': 3, 'c2': 0.5, 'w': 0.9}
2025-03-20 15:32:08,614 - pyswarms.single.global_best - INFO - Optimization finished | best cost: 0.21522507071495056, best pos: [    -178.36    -0.50526      1.2899      1.0183]
2025-03-20 15:34:16,637 - pyswarms.single.global_best - INFO - Optimize for 150 iters with {'c1': 3, 'c2': 0.5, 'w': 0.9}
2025-03-20 15:34:18,373 - pyswarms.single.global_best - INFO - Optimization finished | best cost: 0.5673184990882874, best pos: [     37.057     -6.4433     0.97209      0.8975]
2025-03-20 15:34:21,748 - pyswarms.single.global_best - INFO - Optimize for 150 iters with {'c1': 3, 'c2': 0.5, 'w': 0.9}
2025-03-20 15:34:23,484 - pyswarms.single.global_best - INFO - Optimization finished | best cost: 0.5739655494689941, best pos: [     18.286     -1.4423      1.0227     0.84846]
2025-03-20 15:34:27,685 - pyswarms.single.global_best - INFO - Optimize for 150 iters with {'c1': 3, 'c2': 0.5, 'w': 0.9}
2025-03-20 15:34:29,471 - pyswarms.single.global_best - INFO - Optimization finished | best cost: 0.6496836543083191, best pos: [     24.273     -4.8234      1.0063     0.74567]
2025-03-20 15:34:33,791 - pyswarms.single.global_best - INFO - Optimize for 150 iters with {'c1': 3, 'c2': 0.5, 'w': 0.9}
2025-03-20 15:34:35,531 - pyswarms.single.global_best - INFO - Optimization finished | best cost: 0.6251790523529053, best pos: [      14.47     -5.0322      1.0463     0.83246]
2025-03-20 15:34:39,483 - pyswarms.single.global_best - INFO - Optimize for 150 iters with {'c1': 3, 'c2': 0.5, 'w': 0.9}
2025-03-20 15:34:41,215 - pyswarms.single.global_best - INFO - Optimization finished | best cost: 0.6087701916694641, best pos: [     32.974     -9.0025     0.97231     0.88107]
2025-03-20 15:34:45,160 - pyswarms.single.global_best - INFO - Optimize for 150 iters with {'c1': 3, 'c2': 0.5, 'w': 0.9}
2025-03-20 15:34:46,914 - pyswarms.single.global_best - INFO - Optimization finished | best cost: 0.50813889503479, best pos: [     22.483     -9.9851      1.0065     0.87663]
2025-03-20 15:34:56,316 - pyswarms.single.global_best - INFO - Optimize for 150 iters with {'c1': 3, 'c2': 0.5, 'w': 0.9}
2025-03-20 15:34:58,032 - pyswarms.single.global_best - INFO - Optimization finished | best cost: 0.5575986504554749, best pos: [     19.807    -0.56301      1.0212     0.75979]
2025-03-20 15:35:02,108 - pyswarms.single.global_best - INFO - Optimize for 150 iters with {'c1': 3, 'c2': 0.5, 'w': 0.9}
2025-03-20 15:35:03,910 - pyswarms.single.global_best - INFO - Optimization finished | best cost: 0.537490963935852, best pos: [     20.568     -8.0629     0.98609     0.77113]
2025-03-20 15:35:12,006 - pyswarms.single.global_best - INFO - Optimize for 150 iters with {'c1': 3, 'c2': 0.5, 'w': 0.9}
2025-03-20 15:35:13,783 - pyswarms.single.global_best - INFO - Optimization finished | best cost: 0.38162127137184143, best pos: [     24.259     -8.1336      1.0026     0.76817]
2025-03-20 15:35:20,925 - pyswarms.single.global_best - INFO - Optimize for 150 iters with {'c1': 3, 'c2': 0.5, 'w': 0.9}
2025-03-20 15:35:22,653 - pyswarms.single.global_best - INFO - Optimization finished | best cost: 0.4037686288356781, best pos: [     20.835     -9.7326      1.0277     0.73342]
2025-03-20 15:35:26,820 - pyswarms.single.global_best - INFO - Optimize for 150 iters with {'c1': 3, 'c2': 0.5, 'w': 0.9}
2025-03-20 15:35:28,688 - pyswarms.single.global_best - INFO - Optimization finished | best cost: 0.40977922081947327, best pos: [     17.075     -9.7205       1.021     0.78147]
2025-03-20 15:35:35,857 - pyswarms.single.global_best - INFO - Optimize for 150 iters with {'c1': 3, 'c2': 0.5, 'w': 0.9}
2025-03-20 15:35:37,853 - pyswarms.single.global_best - INFO - Optimization finished | best cost: 0.44721364974975586, best pos: [      20.29     -7.2855      1.0151     0.79143]
2025-03-20 15:35:50,733 - pyswarms.single.global_best - INFO - Optimize for 150 iters with {'c1': 3, 'c2': 0.5, 'w': 0.9}
2025-03-20 15:35:52,703 - pyswarms.single.global_best - INFO - Optimization finished | best cost: 0.17360268533229828, best pos: [    -163.43     -5.3942      1.2385      1.0179]
2025-03-20 15:35:55,582 - pyswarms.single.global_best - INFO - Optimize for 150 iters with {'c1': 3, 'c2': 0.5, 'w': 0.9}
2025-03-20 15:35:57,541 - pyswarms.single.global_best - INFO - Optimization finished | best cost: 0.15057480335235596, best pos: [    -167.87      9.0472      1.2612      0.9737]
2025-03-20 15:36:02,666 - pyswarms.single.global_best - INFO - Optimize for 150 iters with {'c1': 3, 'c2': 0.5, 'w': 0.9}
2025-03-20 15:36:04,528 - pyswarms.single.global_best - INFO - Optimization finished | best cost: 0.4481019079685211, best pos: [    -177.01      9.1191      1.2889     0.98901]
2025-03-20 15:36:09,569 - pyswarms.single.global_best - INFO - Optimize for 150 iters with {'c1': 3, 'c2': 0.5, 'w': 0.9}
2025-03-20 15:36:11,459 - pyswarms.single.global_best - INFO - Optimization finished | best cost: 0.5076765418052673, best pos: [    -177.28     -3.9642      1.2922      1.0239]
2025-03-20 15:36:16,477 - pyswarms.single.global_best - INFO - Optimize for 150 iters with {'c1': 3, 'c2': 0.5, 'w': 0.9}
2025-03-20 15:36:18,274 - pyswarms.single.global_best - INFO - Optimization finished | best cost: 0.465130478143692, best pos: [    -176.36     -3.6769      1.2843       1.027]
2025-03-20 15:36:23,413 - pyswarms.single.global_best - INFO - Optimize for 150 iters with {'c1': 3, 'c2': 0.5, 'w': 0.9}
2025-03-20 15:36:25,496 - pyswarms.single.global_best - INFO - Optimization finished | best cost: 0.26231250166893005, best pos: [    -176.73      4.5655      1.2848      1.0122]
2025-03-20 15:36:30,300 - pyswarms.single.global_best - INFO - Optimize for 150 iters with {'c1': 3, 'c2': 0.5, 'w': 0.9}
2025-03-20 15:36:32,246 - pyswarms.single.global_best - INFO - Optimization finished | best cost: 0.14408202469348907, best pos: [    -170.17     -2.0856       1.269      1.0212]
2025-03-20 15:36:36,857 - pyswarms.single.global_best - INFO - Optimize for 150 iters with {'c1': 3, 'c2': 0.5, 'w': 0.9}
2025-03-20 15:36:38,772 - pyswarms.single.global_best - INFO - Optimization finished | best cost: 0.23821835219860077, best pos: [    -178.05     -5.7761        1.28      1.0433]
2025-03-20 15:36:43,865 - pyswarms.single.global_best - INFO - Optimize for 150 iters with {'c1': 3, 'c2': 0.5, 'w': 0.9}
2025-03-20 15:36:45,754 - pyswarms.single.global_best - INFO - Optimization finished | best cost: 0.3027033507823944, best pos: [    -174.91     -9.4181      1.2926      1.0366]
2025-03-20 15:36:50,628 - pyswarms.single.global_best - INFO - Optimize for 150 iters with {'c1': 3, 'c2': 0.5, 'w': 0.9}
2025-03-20 15:36:52,484 - pyswarms.single.global_best - INFO - Optimization finished | best cost: 0.3114130198955536, best pos: [    -177.47     -1.8645      1.2955      1.0094]
2025-03-20 15:36:57,385 - pyswarms.single.global_best - INFO - Optimize for 150 iters with {'c1': 3, 'c2': 0.5, 'w': 0.9}
2025-03-20 15:36:59,301 - pyswarms.single.global_best - INFO - Optimization finished | best cost: 0.5448567271232605, best pos: [     -161.9      3.1768      1.2279     0.99791]
2025-03-20 15:37:04,520 - pyswarms.single.global_best - INFO - Optimize for 150 iters with {'c1': 3, 'c2': 0.5, 'w': 0.9}
2025-03-20 15:37:06,415 - pyswarms.single.global_best - INFO - Optimization finished | best cost: 0.5132270455360413, best pos: [    -178.96      1.2802      1.2988      1.0125]
2025-03-20 15:37:12,278 - pyswarms.single.global_best - INFO - Optimize for 150 iters with {'c1': 3, 'c2': 0.5, 'w': 0.9}
2025-03-20 15:37:14,276 - pyswarms.single.global_best - INFO - Optimization finished | best cost: 0.4593912661075592, best pos: [    -152.29      -1.755      1.1971      1.0215]
2025-03-20 15:37:19,299 - pyswarms.single.global_best - INFO - Optimize for 150 iters with {'c1': 3, 'c2': 0.5, 'w': 0.9}
2025-03-20 15:37:21,320 - pyswarms.single.global_best - INFO - Optimization finished | best cost: 0.33199307322502136, best pos: [    -159.11     -8.8835      1.2274      1.0473]
2025-03-20 15:37:26,265 - pyswarms.single.global_best - INFO - Optimize for 150 iters with {'c1': 3, 'c2': 0.5, 'w': 0.9}
2025-03-20 15:37:28,126 - pyswarms.single.global_best - INFO - Optimization finished | best cost: 0.21146981418132782, best pos: [     -174.5     -4.5912      1.2841      1.0309]
2025-03-20 15:37:33,315 - pyswarms.single.global_best - INFO - Optimize for 150 iters with {'c1': 3, 'c2': 0.5, 'w': 0.9}
2025-03-20 15:37:35,063 - pyswarms.single.global_best - INFO - Optimization finished | best cost: 0.26551353931427, best pos: [    -165.72     -1.1192      1.2562      1.0212]
2025-03-20 15:37:39,255 - pyswarms.single.global_best - INFO - Optimize for 150 iters with {'c1': 3, 'c2': 0.5, 'w': 0.9}
2025-03-20 15:37:41,019 - pyswarms.single.global_best - INFO - Optimization finished | best cost: 0.4573128819465637, best pos: [    -142.36      4.3874      1.1727     0.99782]
2025-03-20 15:37:44,863 - pyswarms.single.global_best - INFO - Optimize for 150 iters with {'c1': 3, 'c2': 0.5, 'w': 0.9}
2025-03-20 15:37:46,686 - pyswarms.single.global_best - INFO - Optimization finished | best cost: 0.20328785479068756, best pos: [     -172.1      3.3767      1.2596      1.0032]
2025-03-20 15:37:50,664 - pyswarms.single.global_best - INFO - Optimize for 150 iters with {'c1': 3, 'c2': 0.5, 'w': 0.9}
2025-03-20 15:37:52,431 - pyswarms.single.global_best - INFO - Optimization finished | best cost: 0.38012465834617615, best pos: [    -172.11     -5.9245       1.269       1.032]
2025-03-20 15:37:56,890 - pyswarms.single.global_best - INFO - Optimize for 150 iters with {'c1': 3, 'c2': 0.5, 'w': 0.9}
2025-03-20 15:37:58,659 - pyswarms.single.global_best - INFO - Optimization finished | best cost: 0.3904567360877991, best pos: [    -169.05     -4.2353       1.255      1.0279]
2025-03-20 15:38:02,972 - pyswarms.single.global_best - INFO - Optimize for 150 iters with {'c1': 3, 'c2': 0.5, 'w': 0.9}
2025-03-20 15:38:04,771 - pyswarms.single.global_best - INFO - Optimization finished | best cost: 0.5084113478660583, best pos: [    -168.13     -1.3489      1.2544      1.0215]
2025-03-20 15:38:09,009 - pyswarms.single.global_best - INFO - Optimize for 150 iters with {'c1': 3, 'c2': 0.5, 'w': 0.9}
2025-03-20 15:38:10,840 - pyswarms.single.global_best - INFO - Optimization finished | best cost: 0.10025197267532349, best pos: [    -173.14     -4.6099      1.2924      1.0449]
2025-03-20 15:38:15,578 - pyswarms.single.global_best - INFO - Optimize for 150 iters with {'c1': 3, 'c2': 0.5, 'w': 0.9}
2025-03-20 15:38:17,320 - pyswarms.single.global_best - INFO - Optimization finished | best cost: 0.34781184792518616, best pos: [     11.994      8.3332      1.0113      1.0024]
2025-03-20 15:38:21,961 - pyswarms.single.global_best - INFO - Optimize for 150 iters with {'c1': 3, 'c2': 0.5, 'w': 0.9}
2025-03-20 15:38:23,761 - pyswarms.single.global_best - INFO - Optimization finished | best cost: 0.3989562392234802, best pos: [    -172.83     -7.5912      1.2677       1.046]
2025-03-20 15:38:28,534 - pyswarms.single.global_best - INFO - Optimize for 150 iters with {'c1': 3, 'c2': 0.5, 'w': 0.9}
2025-03-20 15:38:30,348 - pyswarms.single.global_best - INFO - Optimization finished | best cost: 0.4123830795288086, best pos: [    -171.88      3.0297      1.2799      1.0112]
2025-03-20 15:38:35,275 - pyswarms.single.global_best - INFO - Optimize for 150 iters with {'c1': 3, 'c2': 0.5, 'w': 0.9}
2025-03-20 15:38:37,049 - pyswarms.single.global_best - INFO - Optimization finished | best cost: 0.318322092294693, best pos: [    -168.64     -4.4007      1.2756      1.0438]
2025-03-20 15:38:41,987 - pyswarms.single.global_best - INFO - Optimize for 150 iters with {'c1': 3, 'c2': 0.5, 'w': 0.9}
2025-03-20 15:38:43,679 - pyswarms.single.global_best - INFO - Optimization finished | best cost: 0.15334706008434296, best pos: [    -173.48      2.4364      1.2688      1.0158]
2025-03-20 15:38:48,508 - pyswarms.single.global_best - INFO - Optimize for 150 iters with {'c1': 3, 'c2': 0.5, 'w': 0.9}
2025-03-20 15:38:50,300 - pyswarms.single.global_best - INFO - Optimization finished | best cost: 0.34001320600509644, best pos: [    -171.16     0.27928      1.2738      1.0176]
2025-03-20 15:38:55,368 - pyswarms.single.global_best - INFO - Optimize for 150 iters with {'c1': 3, 'c2': 0.5, 'w': 0.9}
2025-03-20 15:38:57,143 - pyswarms.single.global_best - INFO - Optimization finished | best cost: 0.3797033727169037, best pos: [    -161.47     -6.0381      1.2239      1.0463]
2025-03-20 15:39:01,991 - pyswarms.single.global_best - INFO - Optimize for 150 iters with {'c1': 3, 'c2': 0.5, 'w': 0.9}
2025-03-20 15:39:03,807 - pyswarms.single.global_best - INFO - Optimization finished | best cost: 0.3407551944255829, best pos: [    -181.62     -4.2889         1.3      1.0445]
2025-03-20 15:39:09,213 - pyswarms.single.global_best - INFO - Optimize for 150 iters with {'c1': 3, 'c2': 0.5, 'w': 0.9}
2025-03-20 15:39:11,068 - pyswarms.single.global_best - INFO - Optimization finished | best cost: 0.31531810760498047, best pos: [    -167.58     -1.3473      1.2915       1.021]
2025-03-20 15:39:15,994 - pyswarms.single.global_best - INFO - Optimize for 150 iters with {'c1': 3, 'c2': 0.5, 'w': 0.9}
2025-03-20 15:39:17,788 - pyswarms.single.global_best - INFO - Optimization finished | best cost: 0.21044333279132843, best pos: [     -173.4         -10         1.3       1.043]
2025-03-20 15:39:22,822 - pyswarms.single.global_best - INFO - Optimize for 150 iters with {'c1': 3, 'c2': 0.5, 'w': 0.9}
2025-03-20 15:39:24,580 - pyswarms.single.global_best - INFO - Optimization finished | best cost: 0.1903785914182663, best pos: [    -177.13         -10         1.3      1.0363]
2025-03-20 15:39:29,081 - pyswarms.single.global_best - INFO - Optimize for 150 iters with {'c1': 3, 'c2': 0.5, 'w': 0.9}
2025-03-20 15:39:30,847 - pyswarms.single.global_best - INFO - Optimization finished | best cost: 0.3964814245700836, best pos: [    -172.95         -10         1.3      1.0359]
2025-03-20 15:39:36,175 - pyswarms.single.global_best - INFO - Optimize for 150 iters with {'c1': 3, 'c2': 0.5, 'w': 0.9}
2025-03-20 15:39:37,965 - pyswarms.single.global_best - INFO - Optimization finished | best cost: 0.39814653992652893, best pos: [    -165.95     -3.9233      1.2547      1.0234]
2025-03-20 15:39:42,842 - pyswarms.single.global_best - INFO - Optimize for 150 iters with {'c1': 3, 'c2': 0.5, 'w': 0.9}
2025-03-20 15:39:44,661 - pyswarms.single.global_best - INFO - Optimization finished | best cost: 0.46259206533432007, best pos: [    -181.08         -10         1.3       1.063]
2025-03-20 15:39:48,938 - pyswarms.single.global_best - INFO - Optimize for 150 iters with {'c1': 3, 'c2': 0.5, 'w': 0.9}
2025-03-20 15:39:50,702 - pyswarms.single.global_best - INFO - Optimization finished | best cost: 0.2979087233543396, best pos: [    -172.48     -5.7936      1.2733      1.0316]
2025-03-20 15:39:54,109 - pyswarms.single.global_best - INFO - Optimize for 150 iters with {'c1': 3, 'c2': 0.5, 'w': 0.9}
2025-03-20 15:39:55,873 - pyswarms.single.global_best - INFO - Optimization finished | best cost: 0.13752694427967072, best pos: [    -171.83      8.2304      1.2594     0.98221]
2025-03-20 15:39:59,442 - pyswarms.single.global_best - INFO - Optimize for 150 iters with {'c1': 3, 'c2': 0.5, 'w': 0.9}
2025-03-20 15:40:01,175 - pyswarms.single.global_best - INFO - Optimization finished | best cost: 0.2869744896888733, best pos: [    -173.78     -1.8572      1.2897      1.0328]
2025-03-20 15:40:05,410 - pyswarms.single.global_best - INFO - Optimize for 150 iters with {'c1': 3, 'c2': 0.5, 'w': 0.9}
2025-03-20 15:40:07,233 - pyswarms.single.global_best - INFO - Optimization finished | best cost: 0.2197921723127365, best pos: [    -168.36     -7.3499        1.26      1.0323]
2025-03-20 15:40:11,626 - pyswarms.single.global_best - INFO - Optimize for 150 iters with {'c1': 3, 'c2': 0.5, 'w': 0.9}
2025-03-20 15:40:13,397 - pyswarms.single.global_best - INFO - Optimization finished | best cost: 0.33439844846725464, best pos: [    -180.84     -3.2648         1.3      1.0196]
2025-03-20 15:40:28,905 - pyswarms.single.global_best - INFO - Optimize for 150 iters with {'c1': 3, 'c2': 0.5, 'w': 0.9}
2025-03-20 15:40:30,637 - pyswarms.single.global_best - INFO - Optimization finished | best cost: 0.5753071904182434, best pos: [    -164.74     -2.3495      1.2957      1.0372]
2025-03-20 15:40:35,746 - pyswarms.single.global_best - INFO - Optimize for 150 iters with {'c1': 3, 'c2': 0.5, 'w': 0.9}
2025-03-20 15:40:37,460 - pyswarms.single.global_best - INFO - Optimization finished | best cost: 0.5661879777908325, best pos: [    -48.268      7.9677      1.2663      1.0235]
2025-03-20 15:40:41,371 - pyswarms.single.global_best - INFO - Optimize for 150 iters with {'c1': 3, 'c2': 0.5, 'w': 0.9}
2025-03-20 15:40:43,118 - pyswarms.single.global_best - INFO - Optimization finished | best cost: 0.4281870424747467, best pos: [    -169.67     -9.5564       1.288      1.0534]
2025-03-20 15:40:47,726 - pyswarms.single.global_best - INFO - Optimize for 150 iters with {'c1': 3, 'c2': 0.5, 'w': 0.9}
2025-03-20 15:40:49,492 - pyswarms.single.global_best - INFO - Optimization finished | best cost: 0.16414879262447357, best pos: [    -176.89         -10         1.3      1.0564]
2025-03-20 15:40:53,757 - pyswarms.single.global_best - INFO - Optimize for 150 iters with {'c1': 3, 'c2': 0.5, 'w': 0.9}
2025-03-20 15:40:55,482 - pyswarms.single.global_best - INFO - Optimization finished | best cost: 0.20413245260715485, best pos: [    -178.07         -10         1.3      1.0655]
2025-03-20 15:40:59,918 - pyswarms.single.global_best - INFO - Optimize for 150 iters with {'c1': 3, 'c2': 0.5, 'w': 0.9}
2025-03-20 15:41:01,648 - pyswarms.single.global_best - INFO - Optimization finished | best cost: 0.22853688895702362, best pos: [    -177.38     -7.6587       1.282      1.0397]
2025-03-20 15:41:05,934 - pyswarms.single.global_best - INFO - Optimize for 150 iters with {'c1': 3, 'c2': 0.5, 'w': 0.9}
2025-03-20 15:41:07,596 - pyswarms.single.global_best - INFO - Optimization finished | best cost: 0.19106285274028778, best pos: [    -174.68     -9.9087      1.2862      1.0509]
2025-03-20 15:41:16,902 - pyswarms.single.global_best - INFO - Optimize for 150 iters with {'c1': 3, 'c2': 0.5, 'w': 0.9}
2025-03-20 15:41:18,687 - pyswarms.single.global_best - INFO - Optimization finished | best cost: 0.6594300270080566, best pos: [    -180.55     -4.8906      1.2987      1.0161]
2025-03-20 15:41:23,519 - pyswarms.single.global_best - INFO - Optimize for 150 iters with {'c1': 3, 'c2': 0.5, 'w': 0.9}
2025-03-20 15:41:25,303 - pyswarms.single.global_best - INFO - Optimization finished | best cost: 0.32600414752960205, best pos: [    -178.88       7.068         1.3      1.0035]
2025-03-20 15:41:29,902 - pyswarms.single.global_best - INFO - Optimize for 150 iters with {'c1': 3, 'c2': 0.5, 'w': 0.9}
2025-03-20 15:41:31,638 - pyswarms.single.global_best - INFO - Optimization finished | best cost: 0.4352446496486664, best pos: [       -174     -6.1505      1.2671      1.0302]
2025-03-20 15:41:45,232 - pyswarms.single.global_best - INFO - Optimize for 150 iters with {'c1': 3, 'c2': 0.5, 'w': 0.9}
2025-03-20 15:41:47,007 - pyswarms.single.global_best - INFO - Optimization finished | best cost: 0.3131285309791565, best pos: [    -179.01         -10         1.3      1.0432]
2025-03-20 15:41:52,032 - pyswarms.single.global_best - INFO - Optimize for 150 iters with {'c1': 3, 'c2': 0.5, 'w': 0.9}
2025-03-20 15:41:53,845 - pyswarms.single.global_best - INFO - Optimization finished | best cost: 0.31030112504959106, best pos: [    -150.41     -2.2643       1.258      1.0464]
2025-03-20 15:41:57,836 - pyswarms.single.global_best - INFO - Optimize for 150 iters with {'c1': 3, 'c2': 0.5, 'w': 0.9}
2025-03-20 15:41:59,643 - pyswarms.single.global_best - INFO - Optimization finished | best cost: 0.6700294613838196, best pos: [     106.39     -5.1889      1.2936      1.0459]
2025-03-20 15:42:07,293 - pyswarms.single.global_best - INFO - Optimize for 150 iters with {'c1': 3, 'c2': 0.5, 'w': 0.9}
2025-03-20 15:42:09,079 - pyswarms.single.global_best - INFO - Optimization finished | best cost: 0.18680720031261444, best pos: [    -175.78     -8.7004       1.295      1.0291]
2025-03-20 15:42:13,764 - pyswarms.single.global_best - INFO - Optimize for 150 iters with {'c1': 3, 'c2': 0.5, 'w': 0.9}
2025-03-20 15:42:15,530 - pyswarms.single.global_best - INFO - Optimization finished | best cost: 0.5558313131332397, best pos: [    -169.41     -2.4039      1.2959      1.0408]
2025-03-20 15:42:20,300 - pyswarms.single.global_best - INFO - Optimize for 150 iters with {'c1': 3, 'c2': 0.5, 'w': 0.9}
2025-03-20 15:42:22,058 - pyswarms.single.global_best - INFO - Optimization finished | best cost: 0.3492986559867859, best pos: [    -171.91     0.98569      1.2962      1.0414]
2025-03-20 15:42:26,974 - pyswarms.single.global_best - INFO - Optimize for 150 iters with {'c1': 3, 'c2': 0.5, 'w': 0.9}
2025-03-20 15:42:28,701 - pyswarms.single.global_best - INFO - Optimization finished | best cost: 0.5456916689872742, best pos: [    -181.16     -3.4471      1.2689      1.0283]
2025-03-20 15:42:33,962 - pyswarms.single.global_best - INFO - Optimize for 150 iters with {'c1': 3, 'c2': 0.5, 'w': 0.9}
2025-03-20 15:42:35,725 - pyswarms.single.global_best - INFO - Optimization finished | best cost: 0.3371226489543915, best pos: [    -178.87      5.6526      1.2938     0.99644]
2025-03-20 15:42:41,188 - pyswarms.single.global_best - INFO - Optimize for 150 iters with {'c1': 3, 'c2': 0.5, 'w': 0.9}
2025-03-20 15:42:42,927 - pyswarms.single.global_best - INFO - Optimization finished | best cost: 0.22643965482711792, best pos: [    -181.11         7.1         1.3     0.97038]
2025-03-20 15:42:47,904 - pyswarms.single.global_best - INFO - Optimize for 150 iters with {'c1': 3, 'c2': 0.5, 'w': 0.9}
2025-03-20 15:42:49,624 - pyswarms.single.global_best - INFO - Optimization finished | best cost: 0.40162476897239685, best pos: [    -170.25      5.6285         1.3      1.0043]
2025-03-20 15:42:54,459 - pyswarms.single.global_best - INFO - Optimize for 150 iters with {'c1': 3, 'c2': 0.5, 'w': 0.9}
2025-03-20 15:42:56,295 - pyswarms.single.global_best - INFO - Optimization finished | best cost: 0.21867021918296814, best pos: [    -180.91      3.0048         1.3      1.0059]
2025-03-20 15:43:01,038 - pyswarms.single.global_best - INFO - Optimize for 150 iters with {'c1': 3, 'c2': 0.5, 'w': 0.9}
2025-03-20 15:43:02,870 - pyswarms.single.global_best - INFO - Optimization finished | best cost: 0.1986377239227295, best pos: [    -166.51      8.1072      1.2776     0.98799]
2025-03-20 15:43:08,238 - pyswarms.single.global_best - INFO - Optimize for 150 iters with {'c1': 3, 'c2': 0.5, 'w': 0.9}
2025-03-20 15:43:10,080 - pyswarms.single.global_best - INFO - Optimization finished | best cost: 0.36567506194114685, best pos: [    -167.47     -8.5401      1.2651      1.0415]
2025-03-20 15:43:14,729 - pyswarms.single.global_best - INFO - Optimize for 150 iters with {'c1': 3, 'c2': 0.5, 'w': 0.9}
2025-03-20 15:43:16,543 - pyswarms.single.global_best - INFO - Optimization finished | best cost: 0.30034708976745605, best pos: [    -171.58      -5.684      1.2962      1.0448]
2025-03-20 15:43:21,208 - pyswarms.single.global_best - INFO - Optimize for 150 iters with {'c1': 3, 'c2': 0.5, 'w': 0.9}
2025-03-20 15:43:23,005 - pyswarms.single.global_best - INFO - Optimization finished | best cost: 0.4011552929878235, best pos: [    -167.72      2.9417         1.3      1.0211]
2025-03-20 15:43:27,486 - pyswarms.single.global_best - INFO - Optimize for 150 iters with {'c1': 3, 'c2': 0.5, 'w': 0.9}
2025-03-20 15:43:29,307 - pyswarms.single.global_best - INFO - Optimization finished | best cost: 0.23541229963302612, best pos: [    -161.28      8.2334      1.2436      1.0049]
2025-03-20 15:43:34,028 - pyswarms.single.global_best - INFO - Optimize for 150 iters with {'c1': 3, 'c2': 0.5, 'w': 0.9}
2025-03-20 15:43:35,844 - pyswarms.single.global_best - INFO - Optimization finished | best cost: 0.3453359603881836, best pos: [    -169.79     -6.5534         1.3      1.0379]
2025-03-20 15:43:40,693 - pyswarms.single.global_best - INFO - Optimize for 150 iters with {'c1': 3, 'c2': 0.5, 'w': 0.9}
2025-03-20 15:43:42,456 - pyswarms.single.global_best - INFO - Optimization finished | best cost: 0.4400431215763092, best pos: [    -173.11    -0.47872      1.2967      1.0233]
2025-03-20 15:43:47,442 - pyswarms.single.global_best - INFO - Optimize for 150 iters with {'c1': 3, 'c2': 0.5, 'w': 0.9}
2025-03-20 15:43:49,239 - pyswarms.single.global_best - INFO - Optimization finished | best cost: 0.3179415762424469, best pos: [    -178.21      4.3396         1.3      1.0123]
2025-03-20 15:43:53,984 - pyswarms.single.global_best - INFO - Optimize for 150 iters with {'c1': 3, 'c2': 0.5, 'w': 0.9}
2025-03-20 15:43:55,783 - pyswarms.single.global_best - INFO - Optimization finished | best cost: 0.24286843836307526, best pos: [    -165.55         -10         1.3      1.0457]
2025-03-20 15:44:00,852 - pyswarms.single.global_best - INFO - Optimize for 150 iters with {'c1': 3, 'c2': 0.5, 'w': 0.9}
2025-03-20 15:44:02,690 - pyswarms.single.global_best - INFO - Optimization finished | best cost: 0.2739121615886688, best pos: [    -180.31     -8.8041         1.3      1.0228]
2025-03-20 15:44:07,840 - pyswarms.single.global_best - INFO - Optimize for 150 iters with {'c1': 3, 'c2': 0.5, 'w': 0.9}
2025-03-20 15:44:09,652 - pyswarms.single.global_best - INFO - Optimization finished | best cost: 0.22865767776966095, best pos: [    -177.52      3.3523      1.2988     0.99722]
2025-03-20 15:44:15,043 - pyswarms.single.global_best - INFO - Optimize for 150 iters with {'c1': 3, 'c2': 0.5, 'w': 0.9}
2025-03-20 15:44:16,889 - pyswarms.single.global_best - INFO - Optimization finished | best cost: 0.2892422080039978, best pos: [    -171.96         -10         1.3      1.0535]
2025-03-20 15:44:22,662 - pyswarms.single.global_best - INFO - Optimize for 150 iters with {'c1': 3, 'c2': 0.5, 'w': 0.9}
2025-03-20 15:44:24,469 - pyswarms.single.global_best - INFO - Optimization finished | best cost: 0.22902695834636688, best pos: [    -172.27     -6.0112      1.2947      1.0299]
2025-03-20 15:44:30,319 - pyswarms.single.global_best - INFO - Optimize for 150 iters with {'c1': 3, 'c2': 0.5, 'w': 0.9}
2025-03-20 15:44:32,086 - pyswarms.single.global_best - INFO - Optimization finished | best cost: 0.25827765464782715, best pos: [    -176.02     -6.7746      1.2911       1.052]
2025-03-20 15:44:37,073 - pyswarms.single.global_best - INFO - Optimize for 150 iters with {'c1': 3, 'c2': 0.5, 'w': 0.9}
2025-03-20 15:44:38,730 - pyswarms.single.global_best - INFO - Optimization finished | best cost: 0.23732084035873413, best pos: [    -173.81     -7.7042      1.2915      1.0392]
2025-03-20 15:44:44,371 - pyswarms.single.global_best - INFO - Optimize for 150 iters with {'c1': 3, 'c2': 0.5, 'w': 0.9}
2025-03-20 15:44:46,073 - pyswarms.single.global_best - INFO - Optimization finished | best cost: 0.15630556643009186, best pos: [    -180.58     -1.3766         1.3      1.0208]
2025-03-20 15:44:51,086 - pyswarms.single.global_best - INFO - Optimize for 150 iters with {'c1': 3, 'c2': 0.5, 'w': 0.9}
2025-03-20 15:44:52,868 - pyswarms.single.global_best - INFO - Optimization finished | best cost: 0.15644554793834686, best pos: [    -169.49      9.9897      1.2861     0.98714]
2025-03-20 15:44:57,550 - pyswarms.single.global_best - INFO - Optimize for 150 iters with {'c1': 3, 'c2': 0.5, 'w': 0.9}
2025-03-20 15:44:59,362 - pyswarms.single.global_best - INFO - Optimization finished | best cost: 0.18087975680828094, best pos: [    -174.15      6.8187       1.287     0.98166]
2025-03-20 15:45:04,791 - pyswarms.single.global_best - INFO - Optimize for 150 iters with {'c1': 3, 'c2': 0.5, 'w': 0.9}
2025-03-20 15:45:06,568 - pyswarms.single.global_best - INFO - Optimization finished | best cost: 0.30377137660980225, best pos: [    -177.55     0.69182      1.2849      1.0269]
2025-03-20 15:45:11,568 - pyswarms.single.global_best - INFO - Optimize for 150 iters with {'c1': 3, 'c2': 0.5, 'w': 0.9}
2025-03-20 15:45:13,399 - pyswarms.single.global_best - INFO - Optimization finished | best cost: 0.21218490600585938, best pos: [    -186.44      3.1867      1.2943      1.0136]
2025-03-20 15:45:18,476 - pyswarms.single.global_best - INFO - Optimize for 150 iters with {'c1': 3, 'c2': 0.5, 'w': 0.9}
2025-03-20 15:45:20,264 - pyswarms.single.global_best - INFO - Optimization finished | best cost: 0.40484070777893066, best pos: [    -172.24     -9.7375      1.2882      1.0539]
2025-03-20 15:45:25,660 - pyswarms.single.global_best - INFO - Optimize for 150 iters with {'c1': 3, 'c2': 0.5, 'w': 0.9}
2025-03-20 15:45:27,450 - pyswarms.single.global_best - INFO - Optimization finished | best cost: 0.2662491798400879, best pos: [    -173.36      2.3239         1.3      1.0144]
2025-03-20 15:45:33,037 - pyswarms.single.global_best - INFO - Optimize for 150 iters with {'c1': 3, 'c2': 0.5, 'w': 0.9}
2025-03-20 15:45:34,842 - pyswarms.single.global_best - INFO - Optimization finished | best cost: 0.29296255111694336, best pos: [    -190.62         -10         1.3      1.0451]
2025-03-20 15:45:40,099 - pyswarms.single.global_best - INFO - Optimize for 150 iters with {'c1': 3, 'c2': 0.5, 'w': 0.9}
2025-03-20 15:45:41,937 - pyswarms.single.global_best - INFO - Optimization finished | best cost: 0.26550474762916565, best pos: [    -180.85      1.2192      1.2961      1.0241]
2025-03-20 15:45:46,702 - pyswarms.single.global_best - INFO - Optimize for 150 iters with {'c1': 3, 'c2': 0.5, 'w': 0.9}
2025-03-20 15:45:48,438 - pyswarms.single.global_best - INFO - Optimization finished | best cost: 0.2594156563282013, best pos: [    -175.84     -2.1985      1.2718      1.0286]
2025-03-20 15:45:53,261 - pyswarms.single.global_best - INFO - Optimize for 150 iters with {'c1': 3, 'c2': 0.5, 'w': 0.9}
2025-03-20 15:45:54,910 - pyswarms.single.global_best - INFO - Optimization finished | best cost: 0.36322012543678284, best pos: [    -171.78          10         1.3     0.97751]
2025-03-20 15:46:00,025 - pyswarms.single.global_best - INFO - Optimize for 150 iters with {'c1': 3, 'c2': 0.5, 'w': 0.9}
2025-03-20 15:46:01,839 - pyswarms.single.global_best - INFO - Optimization finished | best cost: 0.433700293302536, best pos: [    -169.76     -1.7592      1.2994      1.0269]
2025-03-20 15:46:06,597 - pyswarms.single.global_best - INFO - Optimize for 150 iters with {'c1': 3, 'c2': 0.5, 'w': 0.9}
2025-03-20 15:46:08,337 - pyswarms.single.global_best - INFO - Optimization finished | best cost: 0.41964173316955566, best pos: [    -175.32      -1.705         1.3      1.0271]
2025-03-20 15:46:12,979 - pyswarms.single.global_best - INFO - Optimize for 150 iters with {'c1': 3, 'c2': 0.5, 'w': 0.9}
2025-03-20 15:46:14,734 - pyswarms.single.global_best - INFO - Optimization finished | best cost: 0.5192962288856506, best pos: [    -171.84      6.2679      1.2888     0.99396]
2025-03-20 15:46:25,460 - pyswarms.single.global_best - INFO - Optimize for 150 iters with {'c1': 3, 'c2': 0.5, 'w': 0.9}
2025-03-20 15:46:27,238 - pyswarms.single.global_best - INFO - Optimization finished | best cost: 0.2188432365655899, best pos: [     10.694     -9.6137      1.0428     0.84285]
2025-03-20 15:46:30,158 - pyswarms.single.global_best - INFO - Optimize for 150 iters with {'c1': 3, 'c2': 0.5, 'w': 0.9}
2025-03-20 15:46:31,946 - pyswarms.single.global_best - INFO - Optimization finished | best cost: 0.2735859155654907, best pos: [     18.999     -7.0609      1.0157     0.86351]
2025-03-20 15:46:36,343 - pyswarms.single.global_best - INFO - Optimize for 150 iters with {'c1': 3, 'c2': 0.5, 'w': 0.9}
2025-03-20 15:46:38,070 - pyswarms.single.global_best - INFO - Optimization finished | best cost: 0.33971598744392395, best pos: [     13.421     -2.6011      1.0401     0.81776]
2025-03-20 15:46:42,338 - pyswarms.single.global_best - INFO - Optimize for 150 iters with {'c1': 3, 'c2': 0.5, 'w': 0.9}
2025-03-20 15:46:44,114 - pyswarms.single.global_best - INFO - Optimization finished | best cost: 0.4407104253768921, best pos: [     16.928      3.5124      1.0271     0.78888]
2025-03-20 15:46:48,137 - pyswarms.single.global_best - INFO - Optimize for 150 iters with {'c1': 3, 'c2': 0.5, 'w': 0.9}
2025-03-20 15:46:49,923 - pyswarms.single.global_best - INFO - Optimization finished | best cost: 0.4118432104587555, best pos: [     16.686         -10      1.0208     0.82701]
2025-03-20 15:46:54,050 - pyswarms.single.global_best - INFO - Optimize for 150 iters with {'c1': 3, 'c2': 0.5, 'w': 0.9}
2025-03-20 15:46:55,846 - pyswarms.single.global_best - INFO - Optimization finished | best cost: 0.43383529782295227, best pos: [     18.002     -5.7075      1.0197     0.80477]
2025-03-20 15:47:01,048 - pyswarms.single.global_best - INFO - Optimize for 150 iters with {'c1': 3, 'c2': 0.5, 'w': 0.9}
2025-03-20 15:47:02,792 - pyswarms.single.global_best - INFO - Optimization finished | best cost: 0.43092080950737, best pos: [     14.713     -5.6223       1.027     0.80622]
2025-03-20 15:47:07,627 - pyswarms.single.global_best - INFO - Optimize for 150 iters with {'c1': 3, 'c2': 0.5, 'w': 0.9}
2025-03-20 15:47:09,482 - pyswarms.single.global_best - INFO - Optimization finished | best cost: 0.5852702856063843, best pos: [      15.77     -8.3677      1.0227     0.88653]
2025-03-20 15:47:14,310 - pyswarms.single.global_best - INFO - Optimize for 150 iters with {'c1': 3, 'c2': 0.5, 'w': 0.9}
2025-03-20 15:47:16,141 - pyswarms.single.global_best - INFO - Optimization finished | best cost: 0.513588547706604, best pos: [     19.736     -3.0623      1.0147     0.83103]
2025-03-20 15:47:21,273 - pyswarms.single.global_best - INFO - Optimize for 150 iters with {'c1': 3, 'c2': 0.5, 'w': 0.9}
2025-03-20 15:47:23,073 - pyswarms.single.global_best - INFO - Optimization finished | best cost: 0.44851648807525635, best pos: [     17.991     -8.5697       1.018     0.82286]
2025-03-20 15:47:28,028 - pyswarms.single.global_best - INFO - Optimize for 150 iters with {'c1': 3, 'c2': 0.5, 'w': 0.9}
2025-03-20 15:47:29,852 - pyswarms.single.global_best - INFO - Optimization finished | best cost: 0.3584776520729065, best pos: [     17.637     -5.5077      1.0127     0.87081]
2025-03-20 15:47:34,745 - pyswarms.single.global_best - INFO - Optimize for 150 iters with {'c1': 3, 'c2': 0.5, 'w': 0.9}
2025-03-20 15:47:36,604 - pyswarms.single.global_best - INFO - Optimization finished | best cost: 0.3883117437362671, best pos: [     11.186     -3.4407      1.0353     0.86962]
2025-03-20 15:47:41,656 - pyswarms.single.global_best - INFO - Optimize for 150 iters with {'c1': 3, 'c2': 0.5, 'w': 0.9}
2025-03-20 15:47:43,482 - pyswarms.single.global_best - INFO - Optimization finished | best cost: 0.33592382073402405, best pos: [     18.384       -9.81      1.0144      0.8789]
2025-03-20 15:47:48,416 - pyswarms.single.global_best - INFO - Optimize for 150 iters with {'c1': 3, 'c2': 0.5, 'w': 0.9}
2025-03-20 15:47:50,239 - pyswarms.single.global_best - INFO - Optimization finished | best cost: 0.3856281042098999, best pos: [     22.682     -7.9667     0.99432     0.83891]
2025-03-20 15:47:54,975 - pyswarms.single.global_best - INFO - Optimize for 150 iters with {'c1': 3, 'c2': 0.5, 'w': 0.9}
2025-03-20 15:47:56,853 - pyswarms.single.global_best - INFO - Optimization finished | best cost: 0.4100862443447113, best pos: [     21.491     -9.0542      1.0109     0.89616]
2025-03-20 15:48:01,976 - pyswarms.single.global_best - INFO - Optimize for 150 iters with {'c1': 3, 'c2': 0.5, 'w': 0.9}
2025-03-20 15:48:03,764 - pyswarms.single.global_best - INFO - Optimization finished | best cost: 0.3757312297821045, best pos: [     21.312     -8.2876      1.0142     0.83921]
2025-03-20 15:48:09,630 - pyswarms.single.global_best - INFO - Optimize for 150 iters with {'c1': 3, 'c2': 0.5, 'w': 0.9}
2025-03-20 15:48:11,456 - pyswarms.single.global_best - INFO - Optimization finished | best cost: 0.40558552742004395, best pos: [     17.719     -6.8919      1.0325     0.83737]
2025-03-20 15:48:16,188 - pyswarms.single.global_best - INFO - Optimize for 150 iters with {'c1': 3, 'c2': 0.5, 'w': 0.9}
2025-03-20 15:48:17,960 - pyswarms.single.global_best - INFO - Optimization finished | best cost: 0.5389119982719421, best pos: [     12.293         -10      1.0443     0.84561]
2025-03-20 15:48:22,430 - pyswarms.single.global_best - INFO - Optimize for 150 iters with {'c1': 3, 'c2': 0.5, 'w': 0.9}
2025-03-20 15:48:24,293 - pyswarms.single.global_best - INFO - Optimization finished | best cost: 0.5040985941886902, best pos: [     21.822     -7.7749      1.0084     0.84627]
2025-03-20 15:48:28,682 - pyswarms.single.global_best - INFO - Optimize for 150 iters with {'c1': 3, 'c2': 0.5, 'w': 0.9}
2025-03-20 15:48:30,501 - pyswarms.single.global_best - INFO - Optimization finished | best cost: 0.5804088115692139, best pos: [    -11.898      -2.169       1.105     0.71956]
2025-03-20 15:48:34,911 - pyswarms.single.global_best - INFO - Optimize for 150 iters with {'c1': 3, 'c2': 0.5, 'w': 0.9}
2025-03-20 15:48:36,785 - pyswarms.single.global_best - INFO - Optimization finished | best cost: 0.6955351233482361, best pos: [     24.708     -7.0247     0.99602     0.78548]
2025-03-20 15:48:40,758 - pyswarms.single.global_best - INFO - Optimize for 150 iters with {'c1': 3, 'c2': 0.5, 'w': 0.9}
2025-03-20 15:48:42,538 - pyswarms.single.global_best - INFO - Optimization finished | best cost: 0.6506139039993286, best pos: [     10.074     -5.8674      1.0506     0.78676]
2025-03-20 15:48:47,160 - pyswarms.single.global_best - INFO - Optimize for 150 iters with {'c1': 3, 'c2': 0.5, 'w': 0.9}
2025-03-20 15:48:48,992 - pyswarms.single.global_best - INFO - Optimization finished | best cost: 0.6318947076797485, best pos: [     12.277     -9.9005      1.0421     0.86459]
2025-03-20 15:48:53,866 - pyswarms.single.global_best - INFO - Optimize for 150 iters with {'c1': 3, 'c2': 0.5, 'w': 0.9}
2025-03-20 15:48:55,688 - pyswarms.single.global_best - INFO - Optimization finished | best cost: 0.5383732318878174, best pos: [     16.341     -6.2645      1.0173     0.80766]
2025-03-20 15:49:00,771 - pyswarms.single.global_best - INFO - Optimize for 150 iters with {'c1': 3, 'c2': 0.5, 'w': 0.9}
2025-03-20 15:49:02,624 - pyswarms.single.global_best - INFO - Optimization finished | best cost: 0.6382220983505249, best pos: [     22.471     -8.0686      1.0026     0.80359]
2025-03-20 15:49:07,096 - pyswarms.single.global_best - INFO - Optimize for 150 iters with {'c1': 3, 'c2': 0.5, 'w': 0.9}
2025-03-20 15:49:08,889 - pyswarms.single.global_best - INFO - Optimization finished | best cost: 0.47185227274894714, best pos: [      14.16     -9.4932      1.0246     0.77363]
2025-03-20 15:49:12,387 - pyswarms.single.global_best - INFO - Optimize for 150 iters with {'c1': 3, 'c2': 0.5, 'w': 0.9}
2025-03-20 15:49:14,124 - pyswarms.single.global_best - INFO - Optimization finished | best cost: 0.4908601641654968, best pos: [     13.712     -8.2689      1.0254     0.75455]
2025-03-20 15:49:18,813 - pyswarms.single.global_best - INFO - Optimize for 150 iters with {'c1': 3, 'c2': 0.5, 'w': 0.9}
2025-03-20 15:49:20,697 - pyswarms.single.global_best - INFO - Optimization finished | best cost: 0.562533438205719, best pos: [     15.782     -6.7345      1.0239     0.74423]
2025-03-20 15:49:25,417 - pyswarms.single.global_best - INFO - Optimize for 150 iters with {'c1': 3, 'c2': 0.5, 'w': 0.9}
2025-03-20 15:49:27,181 - pyswarms.single.global_best - INFO - Optimization finished | best cost: 0.5278064012527466, best pos: [     7.8412     -8.7372      1.0464     0.75366]
2025-03-20 15:49:31,690 - pyswarms.single.global_best - INFO - Optimize for 150 iters with {'c1': 3, 'c2': 0.5, 'w': 0.9}
2025-03-20 15:49:33,526 - pyswarms.single.global_best - INFO - Optimization finished | best cost: 0.5333817601203918, best pos: [     7.5608     -9.8314      1.0519     0.74016]
2025-03-20 15:49:38,103 - pyswarms.single.global_best - INFO - Optimize for 150 iters with {'c1': 3, 'c2': 0.5, 'w': 0.9}
2025-03-20 15:49:39,953 - pyswarms.single.global_best - INFO - Optimization finished | best cost: 0.5134085416793823, best pos: [     10.854     -6.9678      1.0362     0.83181]
2025-03-20 15:49:44,352 - pyswarms.single.global_best - INFO - Optimize for 150 iters with {'c1': 3, 'c2': 0.5, 'w': 0.9}
2025-03-20 15:49:46,191 - pyswarms.single.global_best - INFO - Optimization finished | best cost: 0.509278416633606, best pos: [     9.9887       -7.92      1.0389     0.81794]
2025-03-20 15:49:50,516 - pyswarms.single.global_best - INFO - Optimize for 150 iters with {'c1': 3, 'c2': 0.5, 'w': 0.9}
2025-03-20 15:49:52,365 - pyswarms.single.global_best - INFO - Optimization finished | best cost: 0.6140384674072266, best pos: [     10.366     -9.5774      1.0391     0.83431]
2025-03-20 15:49:57,165 - pyswarms.single.global_best - INFO - Optimize for 150 iters with {'c1': 3, 'c2': 0.5, 'w': 0.9}
2025-03-20 15:49:58,980 - pyswarms.single.global_best - INFO - Optimization finished | best cost: 0.5606062412261963, best pos: [     15.927     -9.0583      1.0286     0.80168]
2025-03-20 15:50:03,475 - pyswarms.single.global_best - INFO - Optimize for 150 iters with {'c1': 3, 'c2': 0.5, 'w': 0.9}
2025-03-20 15:50:05,323 - pyswarms.single.global_best - INFO - Optimization finished | best cost: 0.6635541319847107, best pos: [     24.908     -3.8079     0.99039     0.80505]
2025-03-20 15:50:09,950 - pyswarms.single.global_best - INFO - Optimize for 150 iters with {'c1': 3, 'c2': 0.5, 'w': 0.9}
2025-03-20 15:50:11,796 - pyswarms.single.global_best - INFO - Optimization finished | best cost: 0.5865024328231812, best pos: [     18.184         -10      1.0188     0.86176]
2025-03-20 15:50:16,248 - pyswarms.single.global_best - INFO - Optimize for 150 iters with {'c1': 3, 'c2': 0.5, 'w': 0.9}
2025-03-20 15:50:17,958 - pyswarms.single.global_best - INFO - Optimization finished | best cost: 0.5553327798843384, best pos: [     16.707     -9.9396      1.0199     0.88324]
2025-03-20 15:50:22,622 - pyswarms.single.global_best - INFO - Optimize for 150 iters with {'c1': 3, 'c2': 0.5, 'w': 0.9}
2025-03-20 15:50:24,461 - pyswarms.single.global_best - INFO - Optimization finished | best cost: 0.5995205640792847, best pos: [     13.132        -7.4      1.0325     0.83238]
2025-03-20 15:50:28,932 - pyswarms.single.global_best - INFO - Optimize for 150 iters with {'c1': 3, 'c2': 0.5, 'w': 0.9}
2025-03-20 15:50:30,761 - pyswarms.single.global_best - INFO - Optimization finished | best cost: 0.5245094895362854, best pos: [      19.44      -9.658      1.0137     0.84534]
2025-03-20 15:50:35,135 - pyswarms.single.global_best - INFO - Optimize for 150 iters with {'c1': 3, 'c2': 0.5, 'w': 0.9}
2025-03-20 15:50:36,913 - pyswarms.single.global_best - INFO - Optimization finished | best cost: 0.5467405915260315, best pos: [     17.495     -9.9356      1.0309     0.79815]
2025-03-20 15:50:41,884 - pyswarms.single.global_best - INFO - Optimize for 150 iters with {'c1': 3, 'c2': 0.5, 'w': 0.9}
2025-03-20 15:50:43,692 - pyswarms.single.global_best - INFO - Optimization finished | best cost: 0.6353654861450195, best pos: [     14.298     -5.0361      1.0355     0.84569]
2025-03-20 15:50:48,165 - pyswarms.single.global_best - INFO - Optimize for 150 iters with {'c1': 3, 'c2': 0.5, 'w': 0.9}
2025-03-20 15:50:50,052 - pyswarms.single.global_best - INFO - Optimization finished | best cost: 0.5999002456665039, best pos: [     16.997      3.1359       1.011     0.71013]
2025-03-20 15:50:54,682 - pyswarms.single.global_best - INFO - Optimize for 150 iters with {'c1': 3, 'c2': 0.5, 'w': 0.9}
2025-03-20 15:50:56,520 - pyswarms.single.global_best - INFO - Optimization finished | best cost: 0.56831294298172, best pos: [     19.495     -9.2008      1.0039     0.82458]
2025-03-20 15:51:00,919 - pyswarms.single.global_best - INFO - Optimize for 150 iters with {'c1': 3, 'c2': 0.5, 'w': 0.9}
2025-03-20 15:51:02,731 - pyswarms.single.global_best - INFO - Optimization finished | best cost: 0.46979522705078125, best pos: [     16.375     -9.3412      1.0276     0.79272]
2025-03-20 15:51:07,473 - pyswarms.single.global_best - INFO - Optimize for 150 iters with {'c1': 3, 'c2': 0.5, 'w': 0.9}
2025-03-20 15:51:09,303 - pyswarms.single.global_best - INFO - Optimization finished | best cost: 0.5124197602272034, best pos: [     21.588     -9.9505      1.0087     0.81137]
2025-03-20 15:51:14,160 - pyswarms.single.global_best - INFO - Optimize for 150 iters with {'c1': 3, 'c2': 0.5, 'w': 0.9}
2025-03-20 15:51:15,998 - pyswarms.single.global_best - INFO - Optimization finished | best cost: 0.45210859179496765, best pos: [     18.888     -9.8171      1.0116     0.83793]
2025-03-20 15:51:21,039 - pyswarms.single.global_best - INFO - Optimize for 150 iters with {'c1': 3, 'c2': 0.5, 'w': 0.9}
2025-03-20 15:51:22,864 - pyswarms.single.global_best - INFO - Optimization finished | best cost: 0.4231356084346771, best pos: [     24.917     -9.5354     0.99828     0.83725]
2025-03-20 15:51:28,176 - pyswarms.single.global_best - INFO - Optimize for 150 iters with {'c1': 3, 'c2': 0.5, 'w': 0.9}
2025-03-20 15:51:30,022 - pyswarms.single.global_best - INFO - Optimization finished | best cost: 0.4884900152683258, best pos: [     19.947     -9.5809      1.0102     0.83319]
2025-03-20 15:51:34,901 - pyswarms.single.global_best - INFO - Optimize for 150 iters with {'c1': 3, 'c2': 0.5, 'w': 0.9}
2025-03-20 15:51:36,675 - pyswarms.single.global_best - INFO - Optimization finished | best cost: 0.3291545510292053, best pos: [      21.08      -9.752      1.0068     0.85158]
2025-03-20 15:51:41,398 - pyswarms.single.global_best - INFO - Optimize for 150 iters with {'c1': 3, 'c2': 0.5, 'w': 0.9}
2025-03-20 15:51:43,218 - pyswarms.single.global_best - INFO - Optimization finished | best cost: 0.31590333580970764, best pos: [     19.525   -0.064761      1.0286     0.81486]
2025-03-20 15:51:47,707 - pyswarms.single.global_best - INFO - Optimize for 150 iters with {'c1': 3, 'c2': 0.5, 'w': 0.9}
2025-03-20 15:51:49,558 - pyswarms.single.global_best - INFO - Optimization finished | best cost: 0.32335835695266724, best pos: [      21.76     -7.0208      1.0132     0.81076]
2025-03-20 15:51:54,137 - pyswarms.single.global_best - INFO - Optimize for 150 iters with {'c1': 3, 'c2': 0.5, 'w': 0.9}
2025-03-20 15:51:55,961 - pyswarms.single.global_best - INFO - Optimization finished | best cost: 0.36346912384033203, best pos: [     21.671     -1.8267       1.018      0.8303]
2025-03-20 15:52:00,744 - pyswarms.single.global_best - INFO - Optimize for 150 iters with {'c1': 3, 'c2': 0.5, 'w': 0.9}
2025-03-20 15:52:02,557 - pyswarms.single.global_best - INFO - Optimization finished | best cost: 0.3694782555103302, best pos: [     22.389     -3.9855      1.0133     0.83381]
2025-03-20 15:52:07,617 - pyswarms.single.global_best - INFO - Optimize for 150 iters with {'c1': 3, 'c2': 0.5, 'w': 0.9}
2025-03-20 15:52:09,440 - pyswarms.single.global_best - INFO - Optimization finished | best cost: 0.5322086811065674, best pos: [     22.565     -9.9924      1.0042     0.85819]
2025-03-20 15:52:14,367 - pyswarms.single.global_best - INFO - Optimize for 150 iters with {'c1': 3, 'c2': 0.5, 'w': 0.9}
2025-03-20 15:52:16,158 - pyswarms.single.global_best - INFO - Optimization finished | best cost: 0.37242215871810913, best pos: [     16.984     -7.1889       1.022      0.8615]
2025-03-20 15:52:21,064 - pyswarms.single.global_best - INFO - Optimize for 150 iters with {'c1': 3, 'c2': 0.5, 'w': 0.9}
2025-03-20 15:52:22,896 - pyswarms.single.global_best - INFO - Optimization finished | best cost: 0.37628835439682007, best pos: [     19.768      2.3586      1.0149     0.80974]
2025-03-20 15:52:27,800 - pyswarms.single.global_best - INFO - Optimize for 150 iters with {'c1': 3, 'c2': 0.5, 'w': 0.9}
2025-03-20 15:52:29,537 - pyswarms.single.global_best - INFO - Optimization finished | best cost: 0.48630210757255554, best pos: [     14.235     0.26393      1.0319     0.82385]
2025-03-20 15:52:34,383 - pyswarms.single.global_best - INFO - Optimize for 150 iters with {'c1': 3, 'c2': 0.5, 'w': 0.9}
2025-03-20 15:52:36,215 - pyswarms.single.global_best - INFO - Optimization finished | best cost: 0.49509674310684204, best pos: [     4.6117     -9.7713      1.0756     0.83995]
2025-03-20 15:52:41,472 - pyswarms.single.global_best - INFO - Optimize for 150 iters with {'c1': 3, 'c2': 0.5, 'w': 0.9}
2025-03-20 15:52:43,251 - pyswarms.single.global_best - INFO - Optimization finished | best cost: 0.42743396759033203, best pos: [     32.087     -9.3145     0.94993     0.85346]
2025-03-20 15:52:48,014 - pyswarms.single.global_best - INFO - Optimize for 150 iters with {'c1': 3, 'c2': 0.5, 'w': 0.9}
2025-03-20 15:52:49,860 - pyswarms.single.global_best - INFO - Optimization finished | best cost: 0.5196418166160583, best pos: [     19.133     -9.6483      1.0111     0.83983]
2025-03-20 15:52:54,643 - pyswarms.single.global_best - INFO - Optimize for 150 iters with {'c1': 3, 'c2': 0.5, 'w': 0.9}
2025-03-20 15:52:56,422 - pyswarms.single.global_best - INFO - Optimization finished | best cost: 0.43788811564445496, best pos: [     17.962       1.111      1.0056     0.80688]
2025-03-20 15:53:00,960 - pyswarms.single.global_best - INFO - Optimize for 150 iters with {'c1': 3, 'c2': 0.5, 'w': 0.9}
2025-03-20 15:53:02,752 - pyswarms.single.global_best - INFO - Optimization finished | best cost: 0.47929108142852783, best pos: [     14.371     -8.1092      1.0301      0.8536]
2025-03-20 15:53:08,350 - pyswarms.single.global_best - INFO - Optimize for 150 iters with {'c1': 3, 'c2': 0.5, 'w': 0.9}
2025-03-20 15:53:10,144 - pyswarms.single.global_best - INFO - Optimization finished | best cost: 0.4056209325790405, best pos: [     21.226      -5.011     0.99609     0.84625]
2025-03-20 15:53:15,356 - pyswarms.single.global_best - INFO - Optimize for 150 iters with {'c1': 3, 'c2': 0.5, 'w': 0.9}
2025-03-20 15:53:17,150 - pyswarms.single.global_best - INFO - Optimization finished | best cost: 0.5232843160629272, best pos: [     24.451     -7.5032     0.99564     0.82411]
2025-03-20 15:53:22,200 - pyswarms.single.global_best - INFO - Optimize for 150 iters with {'c1': 3, 'c2': 0.5, 'w': 0.9}
2025-03-20 15:53:24,034 - pyswarms.single.global_best - INFO - Optimization finished | best cost: 0.4240885078907013, best pos: [     31.535     -4.3269     0.96104     0.82786]
2025-03-20 15:53:29,030 - pyswarms.single.global_best - INFO - Optimize for 150 iters with {'c1': 3, 'c2': 0.5, 'w': 0.9}
2025-03-20 15:53:30,875 - pyswarms.single.global_best - INFO - Optimization finished | best cost: 0.5087751150131226, best pos: [     2.5035   -0.055952      1.0851     0.79346]
2025-03-20 15:53:35,840 - pyswarms.single.global_best - INFO - Optimize for 150 iters with {'c1': 3, 'c2': 0.5, 'w': 0.9}
2025-03-20 15:53:37,597 - pyswarms.single.global_best - INFO - Optimization finished | best cost: 0.5618517994880676, best pos: [     13.629     -9.7233      1.0453     0.82173]
2025-03-20 15:53:42,381 - pyswarms.single.global_best - INFO - Optimize for 150 iters with {'c1': 3, 'c2': 0.5, 'w': 0.9}
2025-03-20 15:53:44,179 - pyswarms.single.global_best - INFO - Optimization finished | best cost: 0.3483181893825531, best pos: [     24.824     -6.8205      0.9879     0.80785]
2025-03-20 15:53:49,051 - pyswarms.single.global_best - INFO - Optimize for 150 iters with {'c1': 3, 'c2': 0.5, 'w': 0.9}
2025-03-20 15:53:50,729 - pyswarms.single.global_best - INFO - Optimization finished | best cost: 0.31841880083084106, best pos: [     3.2621     -9.5415      1.0829     0.82078]
2025-03-20 15:53:59,023 - pyswarms.single.global_best - INFO - Optimize for 150 iters with {'c1': 3, 'c2': 0.5, 'w': 0.9}
2025-03-20 15:54:00,861 - pyswarms.single.global_best - INFO - Optimization finished | best cost: 0.3528684973716736, best pos: [    -161.72      5.9379      1.2626     0.98029]
2025-03-20 15:54:03,912 - pyswarms.single.global_best - INFO - Optimize for 150 iters with {'c1': 3, 'c2': 0.5, 'w': 0.9}
2025-03-20 15:54:05,695 - pyswarms.single.global_best - INFO - Optimization finished | best cost: 0.28071460127830505, best pos: [    -175.77          10         1.3     0.98451]
2025-03-20 15:54:09,627 - pyswarms.single.global_best - INFO - Optimize for 150 iters with {'c1': 3, 'c2': 0.5, 'w': 0.9}
2025-03-20 15:54:11,462 - pyswarms.single.global_best - INFO - Optimization finished | best cost: 0.2559702396392822, best pos: [     -171.4          10         1.3     0.97989]
2025-03-20 15:54:15,942 - pyswarms.single.global_best - INFO - Optimize for 150 iters with {'c1': 3, 'c2': 0.5, 'w': 0.9}
2025-03-20 15:54:17,699 - pyswarms.single.global_best - INFO - Optimization finished | best cost: 0.2233034372329712, best pos: [    -177.91       6.839      1.2995     0.99244]
2025-03-20 15:54:23,359 - pyswarms.single.global_best - INFO - Optimize for 150 iters with {'c1': 3, 'c2': 0.5, 'w': 0.9}
2025-03-20 15:54:25,196 - pyswarms.single.global_best - INFO - Optimization finished | best cost: 0.2445218712091446, best pos: [    -166.69     -5.3425      1.2922      1.0228]
2025-03-20 15:54:29,592 - pyswarms.single.global_best - INFO - Optimize for 150 iters with {'c1': 3, 'c2': 0.5, 'w': 0.9}
2025-03-20 15:54:31,397 - pyswarms.single.global_best - INFO - Optimization finished | best cost: 0.2551044821739197, best pos: [    -173.74      8.1936         1.3      1.0142]
2025-03-20 15:54:36,585 - pyswarms.single.global_best - INFO - Optimize for 150 iters with {'c1': 3, 'c2': 0.5, 'w': 0.9}
2025-03-20 15:54:38,379 - pyswarms.single.global_best - INFO - Optimization finished | best cost: 0.3414528965950012, best pos: [    -176.12         -10         1.3      1.0269]
2025-03-20 15:54:43,051 - pyswarms.single.global_best - INFO - Optimize for 150 iters with {'c1': 3, 'c2': 0.5, 'w': 0.9}
2025-03-20 15:54:44,856 - pyswarms.single.global_best - INFO - Optimization finished | best cost: 0.21863706409931183, best pos: [    -165.88          10         1.3     0.98139]
2025-03-20 15:54:49,686 - pyswarms.single.global_best - INFO - Optimize for 150 iters with {'c1': 3, 'c2': 0.5, 'w': 0.9}
2025-03-20 15:54:51,511 - pyswarms.single.global_best - INFO - Optimization finished | best cost: 0.2981356978416443, best pos: [     -171.4       6.367      1.2876      0.9922]
2025-03-20 15:54:56,545 - pyswarms.single.global_best - INFO - Optimize for 150 iters with {'c1': 3, 'c2': 0.5, 'w': 0.9}
2025-03-20 15:54:58,273 - pyswarms.single.global_best - INFO - Optimization finished | best cost: 0.2674650549888611, best pos: [    -176.53          10         1.3     0.96906]
2025-03-20 15:55:02,630 - pyswarms.single.global_best - INFO - Optimize for 150 iters with {'c1': 3, 'c2': 0.5, 'w': 0.9}
2025-03-20 15:55:04,413 - pyswarms.single.global_best - INFO - Optimization finished | best cost: 0.32215845584869385, best pos: [     -167.9      9.4917         1.3     0.95509]
2025-03-20 15:55:08,970 - pyswarms.single.global_best - INFO - Optimize for 150 iters with {'c1': 3, 'c2': 0.5, 'w': 0.9}
2025-03-20 15:55:10,757 - pyswarms.single.global_best - INFO - Optimization finished | best cost: 0.3140242099761963, best pos: [    -173.56    -0.48888         1.3     0.99117]
2025-03-20 15:55:14,667 - pyswarms.single.global_best - INFO - Optimize for 150 iters with {'c1': 3, 'c2': 0.5, 'w': 0.9}
2025-03-20 15:55:16,510 - pyswarms.single.global_best - INFO - Optimization finished | best cost: 0.34274712204933167, best pos: [       -163      5.2294       1.294      1.0065]
2025-03-20 15:55:19,721 - pyswarms.single.global_best - INFO - Optimize for 150 iters with {'c1': 3, 'c2': 0.5, 'w': 0.9}
2025-03-20 15:55:21,542 - pyswarms.single.global_best - INFO - Optimization finished | best cost: 0.3938286304473877, best pos: [    -166.34     -2.0312      1.2676     0.99706]
2025-03-20 15:55:29,368 - pyswarms.single.global_best - INFO - Optimize for 150 iters with {'c1': 3, 'c2': 0.5, 'w': 0.9}
2025-03-20 15:55:31,226 - pyswarms.single.global_best - INFO - Optimization finished | best cost: 0.4394131302833557, best pos: [    -161.64      8.1995      1.2915     0.99913]
2025-03-20 15:55:35,462 - pyswarms.single.global_best - INFO - Optimize for 150 iters with {'c1': 3, 'c2': 0.5, 'w': 0.9}
2025-03-20 15:55:37,286 - pyswarms.single.global_best - INFO - Optimization finished | best cost: 0.36096063256263733, best pos: [    -168.91     -3.9397      1.2863      1.0334]
2025-03-20 15:55:41,741 - pyswarms.single.global_best - INFO - Optimize for 150 iters with {'c1': 3, 'c2': 0.5, 'w': 0.9}
2025-03-20 15:55:43,616 - pyswarms.single.global_best - INFO - Optimization finished | best cost: 0.35322028398513794, best pos: [     -158.7      8.6582         1.3     0.99761]
2025-03-20 15:55:55,042 - pyswarms.single.global_best - INFO - Optimize for 150 iters with {'c1': 3, 'c2': 0.5, 'w': 0.9}
2025-03-20 15:55:56,795 - pyswarms.single.global_best - INFO - Optimization finished | best cost: 0.6285590529441833, best pos: [    -107.48      7.5945     0.78657     0.98531]
2025-03-20 15:56:04,194 - pyswarms.single.global_best - INFO - Optimize for 150 iters with {'c1': 3, 'c2': 0.5, 'w': 0.9}
2025-03-20 15:56:06,039 - pyswarms.single.global_best - INFO - Optimization finished | best cost: 0.2133060246706009, best pos: [    -160.89     -8.0941      1.2804      1.0465]
2025-03-20 15:56:09,757 - pyswarms.single.global_best - INFO - Optimize for 150 iters with {'c1': 3, 'c2': 0.5, 'w': 0.9}
2025-03-20 15:56:11,550 - pyswarms.single.global_best - INFO - Optimization finished | best cost: 0.5056719183921814, best pos: [     193.59      7.4967     0.76673     0.99254]
2025-03-20 15:56:15,853 - pyswarms.single.global_best - INFO - Optimize for 150 iters with {'c1': 3, 'c2': 0.5, 'w': 0.9}
2025-03-20 15:56:17,641 - pyswarms.single.global_best - INFO - Optimization finished | best cost: 0.3208198547363281, best pos: [    -151.84     -5.2137      1.2776      1.0366]
2025-03-20 15:56:22,036 - pyswarms.single.global_best - INFO - Optimize for 150 iters with {'c1': 3, 'c2': 0.5, 'w': 0.9}
2025-03-20 15:56:23,838 - pyswarms.single.global_best - INFO - Optimization finished | best cost: 0.41570430994033813, best pos: [    -169.61     -5.0199      1.2995      1.0148]
2025-03-20 15:56:28,977 - pyswarms.single.global_best - INFO - Optimize for 150 iters with {'c1': 3, 'c2': 0.5, 'w': 0.9}
2025-03-20 15:56:30,820 - pyswarms.single.global_best - INFO - Optimization finished | best cost: 0.42267075181007385, best pos: [    -156.05       9.406      1.2868     0.96594]
2025-03-20 15:56:34,780 - pyswarms.single.global_best - INFO - Optimize for 150 iters with {'c1': 3, 'c2': 0.5, 'w': 0.9}
2025-03-20 15:56:36,606 - pyswarms.single.global_best - INFO - Optimization finished | best cost: 0.3128565549850464, best pos: [    -162.95     -4.0716      1.2755      1.0299]
2025-03-20 15:56:40,363 - pyswarms.single.global_best - INFO - Optimize for 150 iters with {'c1': 3, 'c2': 0.5, 'w': 0.9}
2025-03-20 15:56:42,181 - pyswarms.single.global_best - INFO - Optimization finished | best cost: 0.3906855583190918, best pos: [    -184.74    -0.73733       1.296      1.0348]
2025-03-20 15:56:49,936 - pyswarms.single.global_best - INFO - Optimize for 150 iters with {'c1': 3, 'c2': 0.5, 'w': 0.9}
2025-03-20 15:56:51,689 - pyswarms.single.global_best - INFO - Optimization finished | best cost: 0.1942971646785736, best pos: [    -180.47     -4.9174         1.3      1.0257]
2025-03-20 15:56:56,060 - pyswarms.single.global_best - INFO - Optimize for 150 iters with {'c1': 3, 'c2': 0.5, 'w': 0.9}
2025-03-20 15:56:57,820 - pyswarms.single.global_best - INFO - Optimization finished | best cost: 0.32501575350761414, best pos: [    -183.27     -5.8105         1.3      1.0105]
2025-03-20 15:57:02,433 - pyswarms.single.global_best - INFO - Optimize for 150 iters with {'c1': 3, 'c2': 0.5, 'w': 0.9}
2025-03-20 15:57:04,230 - pyswarms.single.global_best - INFO - Optimization finished | best cost: 0.3142756223678589, best pos: [     -174.2     0.41162      1.2978      1.0162]
2025-03-20 15:57:08,688 - pyswarms.single.global_best - INFO - Optimize for 150 iters with {'c1': 3, 'c2': 0.5, 'w': 0.9}
2025-03-20 15:57:10,489 - pyswarms.single.global_best - INFO - Optimization finished | best cost: 0.2645801305770874, best pos: [    -169.11     -6.6354      1.2876      1.0482]
2025-03-20 15:57:15,281 - pyswarms.single.global_best - INFO - Optimize for 150 iters with {'c1': 3, 'c2': 0.5, 'w': 0.9}
2025-03-20 15:57:17,047 - pyswarms.single.global_best - INFO - Optimization finished | best cost: 0.2021855264902115, best pos: [    -175.68      5.3086         1.3      1.0193]
2025-03-20 15:57:21,553 - pyswarms.single.global_best - INFO - Optimize for 150 iters with {'c1': 3, 'c2': 0.5, 'w': 0.9}
2025-03-20 15:57:23,328 - pyswarms.single.global_best - INFO - Optimization finished | best cost: 0.19112278521060944, best pos: [    -172.17      8.2172         1.3     0.97946]
2025-03-20 15:57:28,335 - pyswarms.single.global_best - INFO - Optimize for 150 iters with {'c1': 3, 'c2': 0.5, 'w': 0.9}
2025-03-20 15:57:30,138 - pyswarms.single.global_best - INFO - Optimization finished | best cost: 0.1975526064634323, best pos: [     -169.9     -8.2678      1.2994       1.058]
2025-03-20 15:57:35,544 - pyswarms.single.global_best - INFO - Optimize for 150 iters with {'c1': 3, 'c2': 0.5, 'w': 0.9}
2025-03-20 15:57:37,329 - pyswarms.single.global_best - INFO - Optimization finished | best cost: 0.21147485077381134, best pos: [    -179.61      8.0145      1.2994      0.9989]
2025-03-20 15:57:41,183 - pyswarms.single.global_best - INFO - Optimize for 150 iters with {'c1': 3, 'c2': 0.5, 'w': 0.9}
2025-03-20 15:57:42,980 - pyswarms.single.global_best - INFO - Optimization finished | best cost: 0.3420988619327545, best pos: [    -164.07     -2.6122      1.2849      1.0443]
2025-03-20 15:57:47,300 - pyswarms.single.global_best - INFO - Optimize for 150 iters with {'c1': 3, 'c2': 0.5, 'w': 0.9}
2025-03-20 15:57:49,052 - pyswarms.single.global_best - INFO - Optimization finished | best cost: 0.20208726823329926, best pos: [    -174.41     0.31847         1.3      1.0093]
2025-03-20 15:57:53,327 - pyswarms.single.global_best - INFO - Optimize for 150 iters with {'c1': 3, 'c2': 0.5, 'w': 0.9}
2025-03-20 15:57:55,125 - pyswarms.single.global_best - INFO - Optimization finished | best cost: 0.33037465810775757, best pos: [    -148.44      -1.625      1.2716      1.0495]
